clip_id,youtube_id,class,start_seconds,end_seconds,youtube_url,youtube_url_at_start,audioset_label_ids,audioset_split
Accordion/-JUBdOr8Hes,-JUBdOr8Hes,Accordion,30.0,40.0,https://www.youtube.com/watch?v=-JUBdOr8Hes,https://www.youtube.com/watch?v=-JUBdOr8Hes&t=30s,/m/0mkg,audioset
Accordion/3-PFuDkTM48,3-PFuDkTM48,Accordion,80.0,90.0,https://www.youtube.com/watch?v=3-PFuDkTM48,https://www.youtube.com/watch?v=3-PFuDkTM48&t=80s,/m/0mkg,audioset
Accordion/3gjFMkV2ucY,3gjFMkV2ucY,Accordion,30.0,40.0,https://www.youtube.com/watch?v=3gjFMkV2ucY,https://www.youtube.com/watch?v=3gjFMkV2ucY&t=30s,/m/0mkg,audioset
Accordion/44Nt8WOHyyU,44Nt8WOHyyU,Accordion,40.0,50.0,https://www.youtube.com/watch?v=44Nt8WOHyyU,https://www.youtube.com/watch?v=44Nt8WOHyyU&t=40s,/m/0mkg,audioset
Accordion/ALdjQ9kbwd8,ALdjQ9kbwd8,Accordion,30.0,40.0,https://www.youtube.com/watch?v=ALdjQ9kbwd8,https://www.youtube.com/watch?v=ALdjQ9kbwd8&t=30s,/m/0mkg,audioset
Accordion/CJr8XzTyIr4,CJr8XzTyIr4,Accordion,158.0,168.0,https://www.youtube.com/watch?v=CJr8XzTyIr4,https://www.youtube.com/watch?v=CJr8XzTyIr4&t=158s,/m/0mkg,audioset
Accordion/D8vA5rdtYd8,D8vA5rdtYd8,Accordion,30.0,40.0,https://www.youtube.com/watch?v=D8vA5rdtYd8,https://www.youtube.com/watch?v=D8vA5rdtYd8&t=30s,/m/0mkg,audioset
Accordion/IkOKRFM_hpw,IkOKRFM_hpw,Accordion,30.0,40.0,https://www.youtube.com/watch?v=IkOKRFM_hpw,https://www.youtube.com/watch?v=IkOKRFM_hpw&t=30s,/m/0mkg,audioset
Accordion/LVFYimyY7sU,LVFYimyY7sU,Accordion,30.0,40.0,https://www.youtube.com/watch?v=LVFYimyY7sU,https://www.youtube.com/watch?v=LVFYimyY7sU&t=30s,/m/0mkg,audioset
Accordion/QUX611hihf4,QUX611hihf4,Accordion,190.0,200.0,https://www.youtube.com/watch?v=QUX611hihf4,https://www.youtube.com/watch?v=QUX611hihf4&t=190s,/m/0mkg,audioset
Accordion/Rz7RBslEAG0,Rz7RBslEAG0,Accordion,30.0,40.0,https://www.youtube.com/watch?v=Rz7RBslEAG0,https://www.youtube.com/watch?v=Rz7RBslEAG0&t=30s,/m/0mkg,audioset
Accordion/XQbgV10IpoM,XQbgV10IpoM,Accordion,170.0,180.0,https://www.youtube.com/watch?v=XQbgV10IpoM,https://www.youtube.com/watch?v=XQbgV10IpoM&t=170s,/m/0mkg,audioset
Accordion/cmB8l4mQ1XQ,cmB8l4mQ1XQ,Accordion,30.0,40.0,https://www.youtube.com/watch?v=cmB8l4mQ1XQ,https://www.youtube.com/watch?v=cmB8l4mQ1XQ&t=30s,/m/0mkg,audioset
Accordion/gefp9ta8LTA,gefp9ta8LTA,Accordion,30.0,40.0,https://www.youtube.com/watch?v=gefp9ta8LTA,https://www.youtube.com/watch?v=gefp9ta8LTA&t=30s,/m/0mkg,audioset
Accordion/oVcQgIsw2Ac,oVcQgIsw2Ac,Accordion,30.0,40.0,https://www.youtube.com/watch?v=oVcQgIsw2Ac,https://www.youtube.com/watch?v=oVcQgIsw2Ac&t=30s,/m/0mkg,audioset
Accordion/spPxCn3I4V8,spPxCn3I4V8,Accordion,30.0,40.0,https://www.youtube.com/watch?v=spPxCn3I4V8,https://www.youtube.com/watch?v=spPxCn3I4V8&t=30s,/m/0mkg,audioset
Accordion/xhy_lrB3Ueo,xhy_lrB3Ueo,Accordion,30.0,40.0,https://www.youtube.com/watch?v=xhy_lrB3Ueo,https://www.youtube.com/watch?v=xhy_lrB3Ueo&t=30s,/m/0mkg,audioset
Accordion/yCa8NMQfJNc,yCa8NMQfJNc,Accordion,30.0,40.0,https://www.youtube.com/watch?v=yCa8NMQfJNc,https://www.youtube.com/watch?v=yCa8NMQfJNc&t=30s,/m/0mkg,audioset
Applause/LEn3f97acaw,LEn3f97acaw,Applause,30.0,40.0,https://www.youtube.com/watch?v=LEn3f97acaw,https://www.youtube.com/watch?v=LEn3f97acaw&t=30s,/m/028ght,audioset
Bird/-XilaFMUwng,-XilaFMUwng,Bird,50.0,60.0,https://www.youtube.com/watch?v=-XilaFMUwng,https://www.youtube.com/watch?v=-XilaFMUwng&t=50s,"/m/015p6,/m/04s8yn",audioset
Bird/0x9TnOQ5Nhw,0x9TnOQ5Nhw,Bird,20.0,30.0,https://www.youtube.com/watch?v=0x9TnOQ5Nhw,https://www.youtube.com/watch?v=0x9TnOQ5Nhw&t=20s,"/m/015p6,/m/020bb7,/m/07r_25d,/m/0h0rv",audioset
Bird/1D6UsaTflJ8,1D6UsaTflJ8,Bird,60.0,70.0,https://www.youtube.com/watch?v=1D6UsaTflJ8,https://www.youtube.com/watch?v=1D6UsaTflJ8&t=60s,/m/05_wcq,audioset
Bird/2CymVO8lDJs,2CymVO8lDJs,Bird,140.0,150.0,https://www.youtube.com/watch?v=2CymVO8lDJs,https://www.youtube.com/watch?v=2CymVO8lDJs&t=140s,"/m/04s8yn,/m/0jbk",audioset
Bird/2eDP3jKoUd4,2eDP3jKoUd4,Bird,30.0,40.0,https://www.youtube.com/watch?v=2eDP3jKoUd4,https://www.youtube.com/watch?v=2eDP3jKoUd4&t=30s,"/m/07r_80w,/m/09d5_",audioset
Bird/2m2bdfsT_sk,2m2bdfsT_sk,Bird,10.0,20.0,https://www.youtube.com/watch?v=2m2bdfsT_sk,https://www.youtube.com/watch?v=2m2bdfsT_sk&t=10s,/m/05_wcq,audioset
Bird/5iTVbHhYhC4,5iTVbHhYhC4,Bird,30.0,40.0,https://www.youtube.com/watch?v=5iTVbHhYhC4,https://www.youtube.com/watch?v=5iTVbHhYhC4&t=30s,"/m/04s8yn,/m/07r5c2p",audioset
Bird/6IHkgMUVMnQ,6IHkgMUVMnQ,Bird,26.0,36.0,https://www.youtube.com/watch?v=6IHkgMUVMnQ,https://www.youtube.com/watch?v=6IHkgMUVMnQ&t=26s,"/m/015p6,/m/020bb7,/m/07r_80w,/m/09d5_",audioset
Bird/7I2yJgXKncw,7I2yJgXKncw,Bird,21.0,31.0,https://www.youtube.com/watch?v=7I2yJgXKncw,https://www.youtube.com/watch?v=7I2yJgXKncw&t=21s,"/m/04s8yn,/m/07r5c2p,/m/0jbk",audioset
Bird/7fft0a682rE,7fft0a682rE,Bird,0.0,10.0,https://www.youtube.com/watch?v=7fft0a682rE,https://www.youtube.com/watch?v=7fft0a682rE&t=0s,/m/05_wcq,audioset
Bird/7gyHD8EZcAs,7gyHD8EZcAs,Bird,30.0,40.0,https://www.youtube.com/watch?v=7gyHD8EZcAs,https://www.youtube.com/watch?v=7gyHD8EZcAs&t=30s,"/m/015p6,/m/020bb7,/m/07r_25d,/m/0h0rv",audioset
Bird/7xkj4XqaynU,7xkj4XqaynU,Bird,2.0,12.0,https://www.youtube.com/watch?v=7xkj4XqaynU,https://www.youtube.com/watch?v=7xkj4XqaynU&t=2s,"/m/04s8yn,/m/07r5c2p,/m/0jbk",audioset
Bird/ByMWTSOGXA8,ByMWTSOGXA8,Bird,30.0,40.0,https://www.youtube.com/watch?v=ByMWTSOGXA8,https://www.youtube.com/watch?v=ByMWTSOGXA8&t=30s,"/m/07r_80w,/m/09d5_",audioset
Bird/CYZTjXQMiV8,CYZTjXQMiV8,Bird,570.0,580.0,https://www.youtube.com/watch?v=CYZTjXQMiV8,https://www.youtube.com/watch?v=CYZTjXQMiV8&t=570s,/m/05_wcq,audioset
Bird/DRSs6q_sTr4,DRSs6q_sTr4,Bird,0.0,10.0,https://www.youtube.com/watch?v=DRSs6q_sTr4,https://www.youtube.com/watch?v=DRSs6q_sTr4&t=0s,"/m/015p6,/m/07sx8x_",audioset
Bird/DkhdvvtvwTE,DkhdvvtvwTE,Bird,20.0,30.0,https://www.youtube.com/watch?v=DkhdvvtvwTE,https://www.youtube.com/watch?v=DkhdvvtvwTE&t=20s,"/m/07r_80w,/m/09d5_",audioset
Bird/EUy-RsUXJ00,EUy-RsUXJ00,Bird,30.0,40.0,https://www.youtube.com/watch?v=EUy-RsUXJ00,https://www.youtube.com/watch?v=EUy-RsUXJ00&t=30s,"/m/015p6,/m/020bb7,/m/07r_80w,/m/09d5_",audioset
Bird/EzLADnLsNRs,EzLADnLsNRs,Bird,30.0,40.0,https://www.youtube.com/watch?v=EzLADnLsNRs,https://www.youtube.com/watch?v=EzLADnLsNRs&t=30s,"/m/015p6,/m/020bb7,/m/05_wcq",audioset
Bird/IMIuEADfRTQ,IMIuEADfRTQ,Bird,140.0,150.0,https://www.youtube.com/watch?v=IMIuEADfRTQ,https://www.youtube.com/watch?v=IMIuEADfRTQ&t=140s,/m/05_wcq,audioset
Bird/J75Aju6BsT8,J75Aju6BsT8,Bird,10.0,20.0,https://www.youtube.com/watch?v=J75Aju6BsT8,https://www.youtube.com/watch?v=J75Aju6BsT8&t=10s,"/m/015p6,/m/07sx8x_",audioset
Bird/NJw1ymMGC7g,NJw1ymMGC7g,Bird,160.0,170.0,https://www.youtube.com/watch?v=NJw1ymMGC7g,https://www.youtube.com/watch?v=NJw1ymMGC7g&t=160s,/m/05_wcq,audioset
Bird/NcPJaZwMrG8,NcPJaZwMrG8,Bird,200.0,210.0,https://www.youtube.com/watch?v=NcPJaZwMrG8,https://www.youtube.com/watch?v=NcPJaZwMrG8&t=200s,/m/05_wcq,audioset
Bird/PkDHPoMjvJ8,PkDHPoMjvJ8,Bird,30.0,40.0,https://www.youtube.com/watch?v=PkDHPoMjvJ8,https://www.youtube.com/watch?v=PkDHPoMjvJ8&t=30s,/m/07sx8x_,audioset
Bird/PzS_cNwa4xM,PzS_cNwa4xM,Bird,0.0,10.0,https://www.youtube.com/watch?v=PzS_cNwa4xM,https://www.youtube.com/watch?v=PzS_cNwa4xM&t=0s,/m/05_wcq,audioset
Bird/Qsd19T8rN_8,Qsd19T8rN_8,Bird,190.0,200.0,https://www.youtube.com/watch?v=Qsd19T8rN_8,https://www.youtube.com/watch?v=Qsd19T8rN_8&t=190s,"/m/015p6,/m/020bb7,/m/07r_25d,/m/0h0rv",audioset
Bird/QtEtP5Vb_3o,QtEtP5Vb_3o,Bird,340.0,350.0,https://www.youtube.com/watch?v=QtEtP5Vb_3o,https://www.youtube.com/watch?v=QtEtP5Vb_3o&t=340s,/m/05_wcq,audioset
Bird/Qz-8mReB74w,Qz-8mReB74w,Bird,570.0,580.0,https://www.youtube.com/watch?v=Qz-8mReB74w,https://www.youtube.com/watch?v=Qz-8mReB74w&t=570s,"/m/015p6,/m/020bb7,/m/07r_25d,/m/0h0rv",audioset
Bird/R9MmLB_WMzk,R9MmLB_WMzk,Bird,560.0,570.0,https://www.youtube.com/watch?v=R9MmLB_WMzk,https://www.youtube.com/watch?v=R9MmLB_WMzk&t=560s,/m/05_wcq,audioset
Bird/RXo_RIfsF5w,RXo_RIfsF5w,Bird,50.0,60.0,https://www.youtube.com/watch?v=RXo_RIfsF5w,https://www.youtube.com/watch?v=RXo_RIfsF5w&t=50s,/m/05_wcq,audioset
Bird/Rg971GlT_Ro,Rg971GlT_Ro,Bird,21.0,31.0,https://www.youtube.com/watch?v=Rg971GlT_Ro,https://www.youtube.com/watch?v=Rg971GlT_Ro&t=21s,"/m/015p6,/m/020bb7,/m/07r_25d,/m/0h0rv",audioset
Bird/Sa_ovp-50Tc,Sa_ovp-50Tc,Bird,30.0,40.0,https://www.youtube.com/watch?v=Sa_ovp-50Tc,https://www.youtube.com/watch?v=Sa_ovp-50Tc&t=30s,"/m/015p6,/m/020bb7,/m/07r_25d,/m/0h0rv",audioset
Bird/SwZxKE3CnEg,SwZxKE3CnEg,Bird,80.0,90.0,https://www.youtube.com/watch?v=SwZxKE3CnEg,https://www.youtube.com/watch?v=SwZxKE3CnEg&t=80s,/m/05_wcq,audioset
Bird/Sy5pDAby-aI,Sy5pDAby-aI,Bird,110.0,120.0,https://www.youtube.com/watch?v=Sy5pDAby-aI,https://www.youtube.com/watch?v=Sy5pDAby-aI&t=110s,/m/05_wcq,audioset
Bird/U_bYlL9ap-o,U_bYlL9ap-o,Bird,60.0,70.0,https://www.youtube.com/watch?v=U_bYlL9ap-o,https://www.youtube.com/watch?v=U_bYlL9ap-o&t=60s,"/m/07r_80w,/m/09d5_",audioset
Bird/Ucr3WFZk6sM,Ucr3WFZk6sM,Bird,20.0,30.0,https://www.youtube.com/watch?v=Ucr3WFZk6sM,https://www.youtube.com/watch?v=Ucr3WFZk6sM&t=20s,"/m/015p6,/m/020bb7,/m/07r_25d,/m/0h0rv",audioset
Bird/UypQOtbE8wg,UypQOtbE8wg,Bird,0.0,10.0,https://www.youtube.com/watch?v=UypQOtbE8wg,https://www.youtube.com/watch?v=UypQOtbE8wg&t=0s,/m/05_wcq,audioset
Bird/VZRQd3d6jjA,VZRQd3d6jjA,Bird,50.0,60.0,https://www.youtube.com/watch?v=VZRQd3d6jjA,https://www.youtube.com/watch?v=VZRQd3d6jjA&t=50s,/m/05_wcq,audioset
Bird/WAUn8kFhvZw,WAUn8kFhvZw,Bird,0.0,10.0,https://www.youtube.com/watch?v=WAUn8kFhvZw,https://www.youtube.com/watch?v=WAUn8kFhvZw&t=0s,"/m/07r_80w,/m/09d5_",audioset
Bird/WVS46ZGovGw,WVS46ZGovGw,Bird,30.0,40.0,https://www.youtube.com/watch?v=WVS46ZGovGw,https://www.youtube.com/watch?v=WVS46ZGovGw&t=30s,"/m/04s8yn,/m/07r5c2p,/m/0jbk",audioset
Bird/WvDhN-ImtA4,WvDhN-ImtA4,Bird,30.0,40.0,https://www.youtube.com/watch?v=WvDhN-ImtA4,https://www.youtube.com/watch?v=WvDhN-ImtA4&t=30s,"/m/015p6,/m/020bb7,/m/07r_25d,/m/0h0rv",audioset
Bird/XB6j1Xabe3E,XB6j1Xabe3E,Bird,470.0,480.0,https://www.youtube.com/watch?v=XB6j1Xabe3E,https://www.youtube.com/watch?v=XB6j1Xabe3E&t=470s,/m/05_wcq,audioset
Bird/XQXsAZJqDig,XQXsAZJqDig,Bird,30.0,40.0,https://www.youtube.com/watch?v=XQXsAZJqDig,https://www.youtube.com/watch?v=XQXsAZJqDig&t=30s,"/m/015p6,/m/020bb7,/m/07r_25d,/m/0h0rv",audioset
Bird/XYDMmZqv9wI,XYDMmZqv9wI,Bird,20.0,30.0,https://www.youtube.com/watch?v=XYDMmZqv9wI,https://www.youtube.com/watch?v=XYDMmZqv9wI&t=20s,"/m/07r_80w,/m/09d5_",audioset
Bird/fPFpRsKbzfU,fPFpRsKbzfU,Bird,0.0,6.0,https://www.youtube.com/watch?v=fPFpRsKbzfU,https://www.youtube.com/watch?v=fPFpRsKbzfU&t=0s,"/m/015p6,/m/020bb7,/m/07r_80w,/m/09d5_",audioset
Bird/g6FX9VjYD-w,g6FX9VjYD-w,Bird,30.0,40.0,https://www.youtube.com/watch?v=g6FX9VjYD-w,https://www.youtube.com/watch?v=g6FX9VjYD-w&t=30s,/m/07sx8x_,audioset
Bird/gyW4t5ogLyE,gyW4t5ogLyE,Bird,30.0,40.0,https://www.youtube.com/watch?v=gyW4t5ogLyE,https://www.youtube.com/watch?v=gyW4t5ogLyE&t=30s,"/m/04s8yn,/m/07r5c2p",audioset
Bird/hIqYFdJ9v0o,hIqYFdJ9v0o,Bird,30.0,40.0,https://www.youtube.com/watch?v=hIqYFdJ9v0o,https://www.youtube.com/watch?v=hIqYFdJ9v0o&t=30s,"/m/015p6,/m/020bb7,/m/07r_25d,/m/0h0rv",audioset
Bird/hRHKxyErgZw,hRHKxyErgZw,Bird,30.0,40.0,https://www.youtube.com/watch?v=hRHKxyErgZw,https://www.youtube.com/watch?v=hRHKxyErgZw&t=30s,"/m/04s8yn,/m/07r5c2p,/m/0jbk",audioset
Bird/hrgOgDvuBwc,hrgOgDvuBwc,Bird,10.0,20.0,https://www.youtube.com/watch?v=hrgOgDvuBwc,https://www.youtube.com/watch?v=hrgOgDvuBwc&t=10s,"/m/015p6,/m/07sx8x_",audioset
Bird/iW4pt41OuA0,iW4pt41OuA0,Bird,30.0,40.0,https://www.youtube.com/watch?v=iW4pt41OuA0,https://www.youtube.com/watch?v=iW4pt41OuA0&t=30s,"/m/04s8yn,/m/07r5c2p",audioset
Bird/jR-H47v1arg,jR-H47v1arg,Bird,80.0,90.0,https://www.youtube.com/watch?v=jR-H47v1arg,https://www.youtube.com/watch?v=jR-H47v1arg&t=80s,"/m/015p6,/m/020bb7,/m/07r_25d,/m/0h0rv",audioset
Bird/k9-wTnqIidY,k9-wTnqIidY,Bird,470.0,480.0,https://www.youtube.com/watch?v=k9-wTnqIidY,https://www.youtube.com/watch?v=k9-wTnqIidY&t=470s,"/m/015p6,/m/04s8yn",audioset
Bird/lO6X9-tGdT4,lO6X9-tGdT4,Bird,30.0,40.0,https://www.youtube.com/watch?v=lO6X9-tGdT4,https://www.youtube.com/watch?v=lO6X9-tGdT4&t=30s,"/m/04s8yn,/m/07r5c2p",audioset
Bird/lwdbb4Rc7_A,lwdbb4Rc7_A,Bird,30.0,40.0,https://www.youtube.com/watch?v=lwdbb4Rc7_A,https://www.youtube.com/watch?v=lwdbb4Rc7_A&t=30s,"/m/015p6,/m/020bb7,/m/05_wcq,/m/07r_25d,/m/0h0rv",audioset
Bird/qe9i9yZsA_4,qe9i9yZsA_4,Bird,40.0,50.0,https://www.youtube.com/watch?v=qe9i9yZsA_4,https://www.youtube.com/watch?v=qe9i9yZsA_4&t=40s,"/m/015p6,/m/07sx8x_",audioset
Bird/r4BoQxrLtic,r4BoQxrLtic,Bird,30.0,40.0,https://www.youtube.com/watch?v=r4BoQxrLtic,https://www.youtube.com/watch?v=r4BoQxrLtic&t=30s,"/m/04s8yn,/m/07r5c2p",audioset
Bird/s9tf9PpC5yw,s9tf9PpC5yw,Bird,10.0,20.0,https://www.youtube.com/watch?v=s9tf9PpC5yw,https://www.youtube.com/watch?v=s9tf9PpC5yw&t=10s,/m/05_wcq,audioset
Bird/sHlVa7X1vTs,sHlVa7X1vTs,Bird,300.0,310.0,https://www.youtube.com/watch?v=sHlVa7X1vTs,https://www.youtube.com/watch?v=sHlVa7X1vTs&t=300s,/m/05_wcq,audioset
Bird/sgz2iY7mdBA,sgz2iY7mdBA,Bird,40.0,50.0,https://www.youtube.com/watch?v=sgz2iY7mdBA,https://www.youtube.com/watch?v=sgz2iY7mdBA&t=40s,"/m/015p6,/m/07sx8x_",audioset
Bird/uAB0hA7zxKI,uAB0hA7zxKI,Bird,30.0,40.0,https://www.youtube.com/watch?v=uAB0hA7zxKI,https://www.youtube.com/watch?v=uAB0hA7zxKI&t=30s,"/m/015p6,/m/020bb7,/m/07r_25d,/m/0h0rv",audioset
Bird/wnQskk_yWkI,wnQskk_yWkI,Bird,11.0,21.0,https://www.youtube.com/watch?v=wnQskk_yWkI,https://www.youtube.com/watch?v=wnQskk_yWkI&t=11s,"/m/07r_80w,/m/09d5_",audioset
Bird/wt7rXN8IJoo,wt7rXN8IJoo,Bird,0.0,10.0,https://www.youtube.com/watch?v=wt7rXN8IJoo,https://www.youtube.com/watch?v=wt7rXN8IJoo&t=0s,/m/05_wcq,audioset
Bird/wx3AHJb3XZI,wx3AHJb3XZI,Bird,20.0,30.0,https://www.youtube.com/watch?v=wx3AHJb3XZI,https://www.youtube.com/watch?v=wx3AHJb3XZI&t=20s,/m/05_wcq,audioset
Bird/y2oNKgrq1S4,y2oNKgrq1S4,Bird,30.0,40.0,https://www.youtube.com/watch?v=y2oNKgrq1S4,https://www.youtube.com/watch?v=y2oNKgrq1S4&t=30s,/m/05_wcq,audioset
Blender/yU50qUMbobE,yU50qUMbobE,Blender,180.0,190.0,https://www.youtube.com/watch?v=yU50qUMbobE,https://www.youtube.com/watch?v=yU50qUMbobE&t=180s,/m/02pjr4,audioset
Bowed_string_instrument/-n53K1XWaMc,-n53K1XWaMc,Bowed_string_instrument,10.0,20.0,https://www.youtube.com/watch?v=-n53K1XWaMc,https://www.youtube.com/watch?v=-n53K1XWaMc&t=10s,/m/02qmj0d,audioset
Bowed_string_instrument/0RZRFj7zDnQ,0RZRFj7zDnQ,Bowed_string_instrument,30.0,40.0,https://www.youtube.com/watch?v=0RZRFj7zDnQ,https://www.youtube.com/watch?v=0RZRFj7zDnQ&t=30s,"/m/01xqw,/m/02fsn,/m/0l14_3",audioset
Bowed_string_instrument/2ZNKLUHeJtg,2ZNKLUHeJtg,Bowed_string_instrument,30.0,40.0,https://www.youtube.com/watch?v=2ZNKLUHeJtg,https://www.youtube.com/watch?v=2ZNKLUHeJtg&t=30s,"/m/01xqw,/m/02fsn,/m/0l14_3",audioset
Bowed_string_instrument/5UzRQipbAug,5UzRQipbAug,Bowed_string_instrument,300.0,310.0,https://www.youtube.com/watch?v=5UzRQipbAug,https://www.youtube.com/watch?v=5UzRQipbAug&t=300s,/m/02qmj0d,audioset
Bowed_string_instrument/9yjVwRI5aiU,9yjVwRI5aiU,Bowed_string_instrument,30.0,40.0,https://www.youtube.com/watch?v=9yjVwRI5aiU,https://www.youtube.com/watch?v=9yjVwRI5aiU&t=30s,"/m/01xqw,/m/02fsn,/m/0l14_3",audioset
Bowed_string_instrument/A9LkQyImgNI,A9LkQyImgNI,Bowed_string_instrument,30.0,40.0,https://www.youtube.com/watch?v=A9LkQyImgNI,https://www.youtube.com/watch?v=A9LkQyImgNI&t=30s,"/m/01xqw,/m/02fsn,/m/02qmj0d,/m/07y_7,/m/0l14_3",audioset
Bowed_string_instrument/BHf4pvm-gGM,BHf4pvm-gGM,Bowed_string_instrument,30.0,40.0,https://www.youtube.com/watch?v=BHf4pvm-gGM,https://www.youtube.com/watch?v=BHf4pvm-gGM&t=30s,"/m/01xqw,/m/02fsn,/m/07y_7,/m/0l14_3",audioset
Bowed_string_instrument/D8aTwJq7dmA,D8aTwJq7dmA,Bowed_string_instrument,170.0,180.0,https://www.youtube.com/watch?v=D8aTwJq7dmA,https://www.youtube.com/watch?v=D8aTwJq7dmA&t=170s,/m/02qmj0d,audioset
Bowed_string_instrument/PGZOCrWVcTs,PGZOCrWVcTs,Bowed_string_instrument,355.0,365.0,https://www.youtube.com/watch?v=PGZOCrWVcTs,https://www.youtube.com/watch?v=PGZOCrWVcTs&t=355s,"/m/02fsn,/m/0l14_3",audioset
Bowed_string_instrument/Pf6SHq7N8SA,Pf6SHq7N8SA,Bowed_string_instrument,10.0,20.0,https://www.youtube.com/watch?v=Pf6SHq7N8SA,https://www.youtube.com/watch?v=Pf6SHq7N8SA&t=10s,/m/02qmj0d,audioset
Bowed_string_instrument/QQl1FNrlfKg,QQl1FNrlfKg,Bowed_string_instrument,470.0,480.0,https://www.youtube.com/watch?v=QQl1FNrlfKg,https://www.youtube.com/watch?v=QQl1FNrlfKg&t=470s,/m/02qmj0d,audioset
Bowed_string_instrument/QuE2PtLM9Wc,QuE2PtLM9Wc,Bowed_string_instrument,430.0,440.0,https://www.youtube.com/watch?v=QuE2PtLM9Wc,https://www.youtube.com/watch?v=QuE2PtLM9Wc&t=430s,/m/02qmj0d,audioset
Bowed_string_instrument/RgyqhpOJFM4,RgyqhpOJFM4,Bowed_string_instrument,30.0,40.0,https://www.youtube.com/watch?v=RgyqhpOJFM4,https://www.youtube.com/watch?v=RgyqhpOJFM4&t=30s,"/m/01xqw,/m/02fsn,/m/0l14_3",audioset
Bowed_string_instrument/SR1a5VJqF8w,SR1a5VJqF8w,Bowed_string_instrument,80.0,90.0,https://www.youtube.com/watch?v=SR1a5VJqF8w,https://www.youtube.com/watch?v=SR1a5VJqF8w&t=80s,"/m/01xqw,/m/02qmj0d,/m/07y_7,/m/0l14_3",audioset
Bowed_string_instrument/Ss1zpZjEaE8,Ss1zpZjEaE8,Bowed_string_instrument,20.0,30.0,https://www.youtube.com/watch?v=Ss1zpZjEaE8,https://www.youtube.com/watch?v=Ss1zpZjEaE8&t=20s,"/m/01xqw,/m/02fsn,/m/02qmj0d,/m/07y_7,/m/0l14_3",audioset
Bowed_string_instrument/UzEFRNWEqQ4,UzEFRNWEqQ4,Bowed_string_instrument,130.0,140.0,https://www.youtube.com/watch?v=UzEFRNWEqQ4,https://www.youtube.com/watch?v=UzEFRNWEqQ4&t=130s,"/m/01xqw,/m/02fsn,/m/07y_7,/m/0l14_3",audioset
Bowed_string_instrument/__LU8E6dUsI,__LU8E6dUsI,Bowed_string_instrument,40.0,50.0,https://www.youtube.com/watch?v=__LU8E6dUsI,https://www.youtube.com/watch?v=__LU8E6dUsI&t=40s,"/m/01xqw,/m/02fsn,/m/02qmj0d,/m/07y_7,/m/0l14_3",audioset
Bowed_string_instrument/cB-Es9GaVs0,cB-Es9GaVs0,Bowed_string_instrument,410.0,420.0,https://www.youtube.com/watch?v=cB-Es9GaVs0,https://www.youtube.com/watch?v=cB-Es9GaVs0&t=410s,/m/02qmj0d,audioset
Bowed_string_instrument/cEjYmO5-dLk,cEjYmO5-dLk,Bowed_string_instrument,10.0,20.0,https://www.youtube.com/watch?v=cEjYmO5-dLk,https://www.youtube.com/watch?v=cEjYmO5-dLk&t=10s,"/m/01xqw,/m/02fsn,/m/0l14_3",audioset
Bowed_string_instrument/gTyJljSywC4,gTyJljSywC4,Bowed_string_instrument,150.0,160.0,https://www.youtube.com/watch?v=gTyJljSywC4,https://www.youtube.com/watch?v=gTyJljSywC4&t=150s,/m/02qmj0d,audioset
Bowed_string_instrument/gt0hOWpdBv0,gt0hOWpdBv0,Bowed_string_instrument,30.0,40.0,https://www.youtube.com/watch?v=gt0hOWpdBv0,https://www.youtube.com/watch?v=gt0hOWpdBv0&t=30s,/m/02qmj0d,audioset
Bowed_string_instrument/kX4-OMWCdCc,kX4-OMWCdCc,Bowed_string_instrument,150.0,160.0,https://www.youtube.com/watch?v=kX4-OMWCdCc,https://www.youtube.com/watch?v=kX4-OMWCdCc&t=150s,"/m/01xqw,/m/02qmj0d,/m/0l14_3",audioset
Bowed_string_instrument/ktis2aZfphM,ktis2aZfphM,Bowed_string_instrument,10.0,20.0,https://www.youtube.com/watch?v=ktis2aZfphM,https://www.youtube.com/watch?v=ktis2aZfphM&t=10s,"/m/01xqw,/m/02fsn,/m/0l14_3",audioset
Bowed_string_instrument/lb_m2AVVb5M,lb_m2AVVb5M,Bowed_string_instrument,100.0,110.0,https://www.youtube.com/watch?v=lb_m2AVVb5M,https://www.youtube.com/watch?v=lb_m2AVVb5M&t=100s,"/m/01xqw,/m/02fsn,/m/02qmj0d,/m/0l14_3",audioset
Bowed_string_instrument/n2JanKszFoQ,n2JanKszFoQ,Bowed_string_instrument,200.0,210.0,https://www.youtube.com/watch?v=n2JanKszFoQ,https://www.youtube.com/watch?v=n2JanKszFoQ&t=200s,"/m/01xqw,/m/02fsn,/m/0l14_3",audioset
Bowed_string_instrument/qtpw0Y2dxbI,qtpw0Y2dxbI,Bowed_string_instrument,80.0,90.0,https://www.youtube.com/watch?v=qtpw0Y2dxbI,https://www.youtube.com/watch?v=qtpw0Y2dxbI&t=80s,/m/02qmj0d,audioset
Bowed_string_instrument/r4kvzWLSDT4,r4kvzWLSDT4,Bowed_string_instrument,30.0,40.0,https://www.youtube.com/watch?v=r4kvzWLSDT4,https://www.youtube.com/watch?v=r4kvzWLSDT4&t=30s,"/m/02fsn,/m/07y_7,/m/0d8_n,/m/0l14_3",audioset
Bowed_string_instrument/sFFhpPHWWws,sFFhpPHWWws,Bowed_string_instrument,80.0,90.0,https://www.youtube.com/watch?v=sFFhpPHWWws,https://www.youtube.com/watch?v=sFFhpPHWWws&t=80s,"/m/01xqw,/m/02fsn,/m/02qmj0d,/m/07y_7,/m/0l14_3",audioset
Bowed_string_instrument/w--RVCKdho0,w--RVCKdho0,Bowed_string_instrument,30.0,40.0,https://www.youtube.com/watch?v=w--RVCKdho0,https://www.youtube.com/watch?v=w--RVCKdho0&t=30s,"/m/01xqw,/m/02fsn,/m/0l14_3",audioset
Bowed_string_instrument/zNbXuFBjncw,zNbXuFBjncw,Bowed_string_instrument,90.0,100.0,https://www.youtube.com/watch?v=zNbXuFBjncw,https://www.youtube.com/watch?v=zNbXuFBjncw&t=90s,"/m/01xqw,/m/02fsn,/m/0l14_3",audioset
Brass_instrument/-l-E3kyNcag,-l-E3kyNcag,Brass_instrument,150.0,160.0,https://www.youtube.com/watch?v=-l-E3kyNcag,https://www.youtube.com/watch?v=-l-E3kyNcag&t=150s,"/m/01kcd,/m/0319l,/m/07c6l,/m/07gql",audioset
Brass_instrument/007P6bFgRCU,007P6bFgRCU,Brass_instrument,10.0,20.0,https://www.youtube.com/watch?v=007P6bFgRCU,https://www.youtube.com/watch?v=007P6bFgRCU&t=10s,"/m/01kcd,/m/07gql",audioset
Brass_instrument/0oTdsarJHA4,0oTdsarJHA4,Brass_instrument,220.0,230.0,https://www.youtube.com/watch?v=0oTdsarJHA4,https://www.youtube.com/watch?v=0oTdsarJHA4&t=220s,"/m/01kcd,/m/07c6l",audioset
Brass_instrument/3uuyQ4O0L68,3uuyQ4O0L68,Brass_instrument,30.0,40.0,https://www.youtube.com/watch?v=3uuyQ4O0L68,https://www.youtube.com/watch?v=3uuyQ4O0L68&t=30s,"/m/01kcd,/m/0319l",audioset
Brass_instrument/6F5vBsY9VZ8,6F5vBsY9VZ8,Brass_instrument,90.0,100.0,https://www.youtube.com/watch?v=6F5vBsY9VZ8,https://www.youtube.com/watch?v=6F5vBsY9VZ8&t=90s,"/m/01kcd,/m/07gql",audioset
Brass_instrument/7r1ZIR38fFY,7r1ZIR38fFY,Brass_instrument,50.0,60.0,https://www.youtube.com/watch?v=7r1ZIR38fFY,https://www.youtube.com/watch?v=7r1ZIR38fFY&t=50s,"/m/01kcd,/m/0319l,/m/07c6l,/m/07gql",audioset
Brass_instrument/9Cy3tjg1tVw,9Cy3tjg1tVw,Brass_instrument,30.0,40.0,https://www.youtube.com/watch?v=9Cy3tjg1tVw,https://www.youtube.com/watch?v=9Cy3tjg1tVw&t=30s,"/m/01kcd,/m/0319l,/m/07gql",audioset
Brass_instrument/9ivV2chJLa4,9ivV2chJLa4,Brass_instrument,30.0,40.0,https://www.youtube.com/watch?v=9ivV2chJLa4,https://www.youtube.com/watch?v=9ivV2chJLa4&t=30s,"/m/01kcd,/m/0319l",audioset
Brass_instrument/A_0xhMEZ1Cg,A_0xhMEZ1Cg,Brass_instrument,30.0,40.0,https://www.youtube.com/watch?v=A_0xhMEZ1Cg,https://www.youtube.com/watch?v=A_0xhMEZ1Cg&t=30s,"/m/01kcd,/m/0319l",audioset
Brass_instrument/Bg2XkNb5LZE,Bg2XkNb5LZE,Brass_instrument,140.0,150.0,https://www.youtube.com/watch?v=Bg2XkNb5LZE,https://www.youtube.com/watch?v=Bg2XkNb5LZE&t=140s,"/m/01kcd,/m/0319l",audioset
Brass_instrument/EAJT9Bk_GeQ,EAJT9Bk_GeQ,Brass_instrument,30.0,40.0,https://www.youtube.com/watch?v=EAJT9Bk_GeQ,https://www.youtube.com/watch?v=EAJT9Bk_GeQ&t=30s,"/m/01kcd,/m/0319l",audioset
Brass_instrument/G5LqrMcq1QE,G5LqrMcq1QE,Brass_instrument,280.0,290.0,https://www.youtube.com/watch?v=G5LqrMcq1QE,https://www.youtube.com/watch?v=G5LqrMcq1QE&t=280s,"/m/01kcd,/m/07c6l",audioset
Brass_instrument/Kp_F7FrKrSc,Kp_F7FrKrSc,Brass_instrument,210.0,220.0,https://www.youtube.com/watch?v=Kp_F7FrKrSc,https://www.youtube.com/watch?v=Kp_F7FrKrSc&t=210s,"/m/01kcd,/m/07gql",audioset
Brass_instrument/MAqLrKdONiM,MAqLrKdONiM,Brass_instrument,30.0,40.0,https://www.youtube.com/watch?v=MAqLrKdONiM,https://www.youtube.com/watch?v=MAqLrKdONiM&t=30s,"/m/01kcd,/m/0319l,/m/07c6l,/m/07gql",audioset
Brass_instrument/MFm2C-ve7qw,MFm2C-ve7qw,Brass_instrument,30.0,40.0,https://www.youtube.com/watch?v=MFm2C-ve7qw,https://www.youtube.com/watch?v=MFm2C-ve7qw&t=30s,"/m/01kcd,/m/0319l",audioset
Brass_instrument/N4HhTI9HrKE,N4HhTI9HrKE,Brass_instrument,30.0,40.0,https://www.youtube.com/watch?v=N4HhTI9HrKE,https://www.youtube.com/watch?v=N4HhTI9HrKE&t=30s,"/m/01kcd,/m/0319l",audioset
Brass_instrument/OA-CIwRw6Qk,OA-CIwRw6Qk,Brass_instrument,30.0,40.0,https://www.youtube.com/watch?v=OA-CIwRw6Qk,https://www.youtube.com/watch?v=OA-CIwRw6Qk&t=30s,"/m/01kcd,/m/0319l",audioset
Brass_instrument/PYislCydAPQ,PYislCydAPQ,Brass_instrument,30.0,40.0,https://www.youtube.com/watch?v=PYislCydAPQ,https://www.youtube.com/watch?v=PYislCydAPQ&t=30s,"/m/01kcd,/m/0319l,/m/07c6l,/m/07gql",audioset
Brass_instrument/ViP3M-Hlm18,ViP3M-Hlm18,Brass_instrument,30.0,40.0,https://www.youtube.com/watch?v=ViP3M-Hlm18,https://www.youtube.com/watch?v=ViP3M-Hlm18&t=30s,"/m/01kcd,/m/0319l",audioset
Brass_instrument/ViToy3Dq9dU,ViToy3Dq9dU,Brass_instrument,30.0,40.0,https://www.youtube.com/watch?v=ViToy3Dq9dU,https://www.youtube.com/watch?v=ViToy3Dq9dU&t=30s,"/m/01kcd,/m/0319l,/m/07c6l,/m/07gql",audioset
Brass_instrument/VpuNCFDYgnA,VpuNCFDYgnA,Brass_instrument,70.0,80.0,https://www.youtube.com/watch?v=VpuNCFDYgnA,https://www.youtube.com/watch?v=VpuNCFDYgnA&t=70s,"/m/01kcd,/m/07c6l",audioset
Brass_instrument/WUZOa6rFj6s,WUZOa6rFj6s,Brass_instrument,30.0,40.0,https://www.youtube.com/watch?v=WUZOa6rFj6s,https://www.youtube.com/watch?v=WUZOa6rFj6s&t=30s,"/m/01kcd,/m/0319l",audioset
Brass_instrument/XWAiWgDsWlg,XWAiWgDsWlg,Brass_instrument,50.0,60.0,https://www.youtube.com/watch?v=XWAiWgDsWlg,https://www.youtube.com/watch?v=XWAiWgDsWlg&t=50s,"/m/01kcd,/m/07c6l",audioset
Brass_instrument/h0AQxQzzNt8,h0AQxQzzNt8,Brass_instrument,30.0,40.0,https://www.youtube.com/watch?v=h0AQxQzzNt8,https://www.youtube.com/watch?v=h0AQxQzzNt8&t=30s,"/m/01kcd,/m/0319l,/m/07gql",audioset
Brass_instrument/mJaX4ZpfULM,mJaX4ZpfULM,Brass_instrument,30.0,40.0,https://www.youtube.com/watch?v=mJaX4ZpfULM,https://www.youtube.com/watch?v=mJaX4ZpfULM&t=30s,"/m/01kcd,/m/07c6l",audioset
Brass_instrument/ov4fdnGwzWU,ov4fdnGwzWU,Brass_instrument,520.0,530.0,https://www.youtube.com/watch?v=ov4fdnGwzWU,https://www.youtube.com/watch?v=ov4fdnGwzWU&t=520s,"/m/01kcd,/m/07gql",audioset
Brass_instrument/pX0Jhk6e2Uw,pX0Jhk6e2Uw,Brass_instrument,30.0,40.0,https://www.youtube.com/watch?v=pX0Jhk6e2Uw,https://www.youtube.com/watch?v=pX0Jhk6e2Uw&t=30s,"/m/01kcd,/m/07gql",audioset
Brass_instrument/qs_-emj1qR4,qs_-emj1qR4,Brass_instrument,30.0,40.0,https://www.youtube.com/watch?v=qs_-emj1qR4,https://www.youtube.com/watch?v=qs_-emj1qR4&t=30s,"/m/01kcd,/m/07c6l",audioset
Brass_instrument/zLfhRM6G0OU,zLfhRM6G0OU,Brass_instrument,39.0,49.0,https://www.youtube.com/watch?v=zLfhRM6G0OU,https://www.youtube.com/watch?v=zLfhRM6G0OU&t=39s,"/m/01kcd,/m/07c6l",audioset
Canidae/20qZLse0acs,20qZLse0acs,Canidae,30.0,40.0,https://www.youtube.com/watch?v=20qZLse0acs,https://www.youtube.com/watch?v=20qZLse0acs&t=30s,"/m/068hy,/m/07r_k2n,/m/07rc7d9,/m/0bt9lr,/m/0jbk,/t/dd00136",audioset
Canidae/3CZ1i2_tKn0,3CZ1i2_tKn0,Canidae,15.0,25.0,https://www.youtube.com/watch?v=3CZ1i2_tKn0,https://www.youtube.com/watch?v=3CZ1i2_tKn0&t=15s,/m/07r_k2n,audioset
Canidae/8TWtLCjUI5I,8TWtLCjUI5I,Canidae,0.0,7.0,https://www.youtube.com/watch?v=8TWtLCjUI5I,https://www.youtube.com/watch?v=8TWtLCjUI5I&t=0s,"/m/05tny_,/m/07rc7d9,/m/0bt9lr,/m/0jbk",audioset
Canidae/9ppa4lXXspA,9ppa4lXXspA,Canidae,30.0,40.0,https://www.youtube.com/watch?v=9ppa4lXXspA,https://www.youtube.com/watch?v=9ppa4lXXspA&t=30s,"/m/01z5f,/m/05tny_,/m/068hy,/m/07r_k2n,/m/07rc7d9,/m/0bt9lr,/m/0jbk",audioset
Canidae/AW3s9S3xEQ0,AW3s9S3xEQ0,Canidae,0.0,10.0,https://www.youtube.com/watch?v=AW3s9S3xEQ0,https://www.youtube.com/watch?v=AW3s9S3xEQ0&t=0s,"/m/01z5f,/m/068hy,/m/0bt9lr,/m/0jbk,/t/dd00136",audioset
Canidae/JErx-AImWqk,JErx-AImWqk,Canidae,0.0,10.0,https://www.youtube.com/watch?v=JErx-AImWqk,https://www.youtube.com/watch?v=JErx-AImWqk&t=0s,"/m/068hy,/m/07rc7d9,/m/0bt9lr,/m/0jbk,/t/dd00136",audioset
Canidae/SC9jczwzY-k,SC9jczwzY-k,Canidae,30.0,40.0,https://www.youtube.com/watch?v=SC9jczwzY-k,https://www.youtube.com/watch?v=SC9jczwzY-k&t=30s,"/m/068hy,/m/0bt9lr,/m/0jbk,/t/dd00136",audioset
Canidae/UAhzckt0y3U,UAhzckt0y3U,Canidae,30.0,40.0,https://www.youtube.com/watch?v=UAhzckt0y3U,https://www.youtube.com/watch?v=UAhzckt0y3U&t=30s,"/m/05tny_,/m/068hy,/m/0bt9lr,/m/0jbk,/t/dd00136",audioset
Canidae/hvjGvi7geEU,hvjGvi7geEU,Canidae,0.0,6.0,https://www.youtube.com/watch?v=hvjGvi7geEU,https://www.youtube.com/watch?v=hvjGvi7geEU&t=0s,"/m/068hy,/m/07r_k2n,/m/0bt9lr,/m/0jbk,/t/dd00136",audioset
Canidae/x3NgArwHRYY,x3NgArwHRYY,Canidae,30.0,40.0,https://www.youtube.com/watch?v=x3NgArwHRYY,https://www.youtube.com/watch?v=x3NgArwHRYY&t=30s,"/m/01z5f,/m/05tny_,/m/068hy,/m/07rc7d9,/m/0bt9lr,/m/0jbk",audioset
Caprine/LTZTnl-3ikk,LTZTnl-3ikk,Caprine,0.0,10.0,https://www.youtube.com/watch?v=LTZTnl-3ikk,https://www.youtube.com/watch?v=LTZTnl-3ikk&t=0s,"/m/03fwl,/m/0jbk",audioset
Cash_register/3oqo61gK5Co,3oqo61gK5Co,Cash_register,370.0,380.0,https://www.youtube.com/watch?v=3oqo61gK5Co,https://www.youtube.com/watch?v=3oqo61gK5Co&t=370s,/m/024dl,audioset
Cash_register/hABTEASDP_U,hABTEASDP_U,Cash_register,30.0,40.0,https://www.youtube.com/watch?v=hABTEASDP_U,https://www.youtube.com/watch?v=hABTEASDP_U&t=30s,/m/024dl,audioset
Cash_register/wWcHlC5GkcM,wWcHlC5GkcM,Cash_register,5.0,15.0,https://www.youtube.com/watch?v=wWcHlC5GkcM,https://www.youtube.com/watch?v=wWcHlC5GkcM&t=5s,/m/024dl,audioset
Cat/-gSfPQqi6nI,-gSfPQqi6nI,Cat,30.0,40.0,https://www.youtube.com/watch?v=-gSfPQqi6nI,https://www.youtube.com/watch?v=-gSfPQqi6nI&t=30s,"/m/01yrx,/m/068hy,/m/07qrkrw,/m/07r81j2,/m/0jbk",audioset
Cat/-vZ-_4oFCzs,-vZ-_4oFCzs,Cat,17.0,27.0,https://www.youtube.com/watch?v=-vZ-_4oFCzs,https://www.youtube.com/watch?v=-vZ-_4oFCzs&t=17s,"/m/01yrx,/m/068hy,/m/07qrkrw,/m/07r81j2,/m/0jbk",audioset
Cat/3LtXT2KVI-c,3LtXT2KVI-c,Cat,30.0,40.0,https://www.youtube.com/watch?v=3LtXT2KVI-c,https://www.youtube.com/watch?v=3LtXT2KVI-c&t=30s,"/m/01yrx,/m/068hy,/m/07qrkrw,/m/07r81j2,/m/0jbk",audioset
Cat/3Vpt-gR-8Lk,3Vpt-gR-8Lk,Cat,30.0,40.0,https://www.youtube.com/watch?v=3Vpt-gR-8Lk,https://www.youtube.com/watch?v=3Vpt-gR-8Lk&t=30s,/m/02yds9,audioset
Cat/4isFtP23Sh0,4isFtP23Sh0,Cat,30.0,40.0,https://www.youtube.com/watch?v=4isFtP23Sh0,https://www.youtube.com/watch?v=4isFtP23Sh0&t=30s,"/m/01yrx,/m/068hy,/m/07qrkrw,/m/07r81j2,/m/0jbk",audioset
Cat/6FUmapkqPn0,6FUmapkqPn0,Cat,80.0,90.0,https://www.youtube.com/watch?v=6FUmapkqPn0,https://www.youtube.com/watch?v=6FUmapkqPn0&t=80s,"/m/01yrx,/m/068hy,/m/07r81j2,/m/0jbk",audioset
Cat/75PJeJ2hGcw,75PJeJ2hGcw,Cat,30.0,40.0,https://www.youtube.com/watch?v=75PJeJ2hGcw,https://www.youtube.com/watch?v=75PJeJ2hGcw&t=30s,"/m/01yrx,/m/068hy,/m/07qrkrw,/m/07r81j2,/m/0jbk",audioset
Cat/7MXamVgKszI,7MXamVgKszI,Cat,30.0,40.0,https://www.youtube.com/watch?v=7MXamVgKszI,https://www.youtube.com/watch?v=7MXamVgKszI&t=30s,"/m/01yrx,/m/068hy,/m/07qrkrw,/m/07r81j2,/m/0jbk",audioset
Cat/86p6UVFIcFI,86p6UVFIcFI,Cat,30.0,40.0,https://www.youtube.com/watch?v=86p6UVFIcFI,https://www.youtube.com/watch?v=86p6UVFIcFI&t=30s,"/m/01yrx,/m/068hy,/m/07qrkrw,/m/07r81j2",audioset
Cat/8JgqLELdUkY,8JgqLELdUkY,Cat,30.0,40.0,https://www.youtube.com/watch?v=8JgqLELdUkY,https://www.youtube.com/watch?v=8JgqLELdUkY&t=30s,"/m/01yrx,/m/068hy,/m/07qrkrw,/m/07r81j2,/m/0jbk",audioset
Cat/Ar5r0pzgaRU,Ar5r0pzgaRU,Cat,30.0,40.0,https://www.youtube.com/watch?v=Ar5r0pzgaRU,https://www.youtube.com/watch?v=Ar5r0pzgaRU&t=30s,"/m/01yrx,/m/02yds9,/m/068hy",audioset
Cat/Dw2YNHvPbng,Dw2YNHvPbng,Cat,30.0,40.0,https://www.youtube.com/watch?v=Dw2YNHvPbng,https://www.youtube.com/watch?v=Dw2YNHvPbng&t=30s,/m/02yds9,audioset
Cat/HSPBrLMYWQA,HSPBrLMYWQA,Cat,30.0,40.0,https://www.youtube.com/watch?v=HSPBrLMYWQA,https://www.youtube.com/watch?v=HSPBrLMYWQA&t=30s,"/m/01yrx,/m/068hy,/m/07qrkrw,/m/0jbk",audioset
Cat/Hjyl1n_1muU,Hjyl1n_1muU,Cat,6.0,16.0,https://www.youtube.com/watch?v=Hjyl1n_1muU,https://www.youtube.com/watch?v=Hjyl1n_1muU&t=6s,"/m/01yrx,/m/068hy,/m/07qrkrw,/m/07r81j2",audioset
Cat/LyIhmCTPLUc,LyIhmCTPLUc,Cat,30.0,40.0,https://www.youtube.com/watch?v=LyIhmCTPLUc,https://www.youtube.com/watch?v=LyIhmCTPLUc&t=30s,"/m/01yrx,/m/068hy,/m/07qrkrw,/m/0jbk",audioset
Cat/QRyTz1FCYuU,QRyTz1FCYuU,Cat,30.0,40.0,https://www.youtube.com/watch?v=QRyTz1FCYuU,https://www.youtube.com/watch?v=QRyTz1FCYuU&t=30s,/m/02yds9,audioset
Cat/Wjsr6wo2cRg,Wjsr6wo2cRg,Cat,30.0,40.0,https://www.youtube.com/watch?v=Wjsr6wo2cRg,https://www.youtube.com/watch?v=Wjsr6wo2cRg&t=30s,"/m/02yds9,/m/0jbk",audioset
Cat/drq_ww7Ytzw,drq_ww7Ytzw,Cat,21.0,31.0,https://www.youtube.com/watch?v=drq_ww7Ytzw,https://www.youtube.com/watch?v=drq_ww7Ytzw&t=21s,"/m/01yrx,/m/02yds9,/m/0jbk",audioset
Cat/gyhxCxzvIps,gyhxCxzvIps,Cat,10.0,20.0,https://www.youtube.com/watch?v=gyhxCxzvIps,https://www.youtube.com/watch?v=gyhxCxzvIps&t=10s,"/m/01yrx,/m/068hy,/m/07qrkrw,/m/0jbk",audioset
Cat/j4QXK7I4kfk,j4QXK7I4kfk,Cat,30.0,40.0,https://www.youtube.com/watch?v=j4QXK7I4kfk,https://www.youtube.com/watch?v=j4QXK7I4kfk&t=30s,"/m/01yrx,/m/068hy,/m/07qrkrw,/m/0jbk",audioset
Cat/mlpF226Gvlo,mlpF226Gvlo,Cat,0.0,10.0,https://www.youtube.com/watch?v=mlpF226Gvlo,https://www.youtube.com/watch?v=mlpF226Gvlo&t=0s,"/m/01yrx,/m/02yds9,/m/068hy,/m/0jbk",audioset
Cat/v-J-jzNonoY,v-J-jzNonoY,Cat,40.0,50.0,https://www.youtube.com/watch?v=v-J-jzNonoY,https://www.youtube.com/watch?v=v-J-jzNonoY&t=40s,"/m/01yrx,/m/02yds9,/m/068hy,/m/0jbk",audioset
Chopping_food/0EQYTfW7TDc,0EQYTfW7TDc,Chopping_food,30.0,40.0,https://www.youtube.com/watch?v=0EQYTfW7TDc,https://www.youtube.com/watch?v=0EQYTfW7TDc&t=30s,/m/07pn_8q,audioset
Chopping_food/N2UihHkst7c,N2UihHkst7c,Chopping_food,40.0,50.0,https://www.youtube.com/watch?v=N2UihHkst7c,https://www.youtube.com/watch?v=N2UihHkst7c&t=40s,/m/07pn_8q,audioset
Chopping_food/QhFtABqY9cs,QhFtABqY9cs,Chopping_food,220.0,230.0,https://www.youtube.com/watch?v=QhFtABqY9cs,https://www.youtube.com/watch?v=QhFtABqY9cs&t=220s,/m/07pn_8q,audioset
Chopping_food/cepg4AOcJWk,cepg4AOcJWk,Chopping_food,30.0,40.0,https://www.youtube.com/watch?v=cepg4AOcJWk,https://www.youtube.com/watch?v=cepg4AOcJWk&t=30s,/m/07pn_8q,audioset
Chopping_food/fJleZiuimzU,fJleZiuimzU,Chopping_food,310.0,320.0,https://www.youtube.com/watch?v=fJleZiuimzU,https://www.youtube.com/watch?v=fJleZiuimzU&t=310s,/m/07pn_8q,audioset
Chopping_food/llSN_XKfiG8,llSN_XKfiG8,Chopping_food,30.0,40.0,https://www.youtube.com/watch?v=llSN_XKfiG8,https://www.youtube.com/watch?v=llSN_XKfiG8&t=30s,/m/07pn_8q,audioset
Chopping_food/z-Bkjf6UykI,z-Bkjf6UykI,Chopping_food,100.0,110.0,https://www.youtube.com/watch?v=z-Bkjf6UykI,https://www.youtube.com/watch?v=z-Bkjf6UykI&t=100s,/m/07pn_8q,audioset
Clapping/3EcfiEc08zY,3EcfiEc08zY,Clapping,70.0,80.0,https://www.youtube.com/watch?v=3EcfiEc08zY,https://www.youtube.com/watch?v=3EcfiEc08zY&t=70s,/m/0l15bq,audioset
Clapping/G8adMN5cIGM,G8adMN5cIGM,Clapping,80.0,90.0,https://www.youtube.com/watch?v=G8adMN5cIGM,https://www.youtube.com/watch?v=G8adMN5cIGM&t=80s,/m/0l15bq,audioset
Clapping/giIBL5sDY0Y,giIBL5sDY0Y,Clapping,10.0,20.0,https://www.youtube.com/watch?v=giIBL5sDY0Y,https://www.youtube.com/watch?v=giIBL5sDY0Y&t=10s,"/m/0k65p,/m/0l15bq",audioset
Clapping/hP9V0S51GVo,hP9V0S51GVo,Clapping,30.0,40.0,https://www.youtube.com/watch?v=hP9V0S51GVo,https://www.youtube.com/watch?v=hP9V0S51GVo&t=30s,"/m/0k65p,/m/0l15bq",audioset
Clapping/w1QTsJn1z-g,w1QTsJn1z-g,Clapping,40.0,50.0,https://www.youtube.com/watch?v=w1QTsJn1z-g,https://www.youtube.com/watch?v=w1QTsJn1z-g&t=40s,/m/0l15bq,audioset
Clock/1tBzq-7MUJU,1tBzq-7MUJU,Clock,13.0,23.0,https://www.youtube.com/watch?v=1tBzq-7MUJU,https://www.youtube.com/watch?v=1tBzq-7MUJU&t=13s,/m/07qjznl,audioset
Clock/4eIRoqWUjRk,4eIRoqWUjRk,Clock,30.0,40.0,https://www.youtube.com/watch?v=4eIRoqWUjRk,https://www.youtube.com/watch?v=4eIRoqWUjRk&t=30s,/m/07qjznl,audioset
Clock/A_yjtFD-9rE,A_yjtFD-9rE,Clock,30.0,40.0,https://www.youtube.com/watch?v=A_yjtFD-9rE,https://www.youtube.com/watch?v=A_yjtFD-9rE&t=30s,/m/01x3z,audioset
Clock/FKKKTlEXtLw,FKKKTlEXtLw,Clock,23.0,33.0,https://www.youtube.com/watch?v=FKKKTlEXtLw,https://www.youtube.com/watch?v=FKKKTlEXtLw&t=23s,/m/01x3z,audioset
Clock/GyGezk0IulU,GyGezk0IulU,Clock,30.0,40.0,https://www.youtube.com/watch?v=GyGezk0IulU,https://www.youtube.com/watch?v=GyGezk0IulU&t=30s,/m/07qjznl,audioset
Clock/fyKONuZnPXs,fyKONuZnPXs,Clock,50.0,60.0,https://www.youtube.com/watch?v=fyKONuZnPXs,https://www.youtube.com/watch?v=fyKONuZnPXs&t=50s,/m/01x3z,audioset
Clock/gpxrngdSTZk,gpxrngdSTZk,Clock,30.0,40.0,https://www.youtube.com/watch?v=gpxrngdSTZk,https://www.youtube.com/watch?v=gpxrngdSTZk&t=30s,/m/07qjznl,audioset
Clock/tLD1BNB8BTQ,tLD1BNB8BTQ,Clock,30.0,40.0,https://www.youtube.com/watch?v=tLD1BNB8BTQ,https://www.youtube.com/watch?v=tLD1BNB8BTQ&t=30s,/m/07qjznl,audioset
Coin_dropping/2KlckeHMtow,2KlckeHMtow,Coin_dropping,30.0,40.0,https://www.youtube.com/watch?v=2KlckeHMtow,https://www.youtube.com/watch?v=2KlckeHMtow&t=30s,/m/0242l,audioset
Coin_dropping/4OI4h9s6FsI,4OI4h9s6FsI,Coin_dropping,100.0,110.0,https://www.youtube.com/watch?v=4OI4h9s6FsI,https://www.youtube.com/watch?v=4OI4h9s6FsI&t=100s,/m/0242l,audioset
Coin_dropping/8w_eP9h3Awc,8w_eP9h3Awc,Coin_dropping,540.0,550.0,https://www.youtube.com/watch?v=8w_eP9h3Awc,https://www.youtube.com/watch?v=8w_eP9h3Awc&t=540s,/m/0242l,audioset
Coin_dropping/gGSTOVZg-k0,gGSTOVZg-k0,Coin_dropping,10.0,20.0,https://www.youtube.com/watch?v=gGSTOVZg-k0,https://www.youtube.com/watch?v=gGSTOVZg-k0&t=10s,/m/0242l,audioset
Coin_dropping/wM9RnDJo9D0,wM9RnDJo9D0,Coin_dropping,100.0,110.0,https://www.youtube.com/watch?v=wM9RnDJo9D0,https://www.youtube.com/watch?v=wM9RnDJo9D0&t=100s,/m/0242l,audioset
Cough/9h3a7fN0f-c,9h3a7fN0f-c,Cough,240.0,250.0,https://www.youtube.com/watch?v=9h3a7fN0f-c,https://www.youtube.com/watch?v=9h3a7fN0f-c&t=240s,/m/01b_21,audioset
Cough/IYllzXfvkmY,IYllzXfvkmY,Cough,20.0,30.0,https://www.youtube.com/watch?v=IYllzXfvkmY,https://www.youtube.com/watch?v=IYllzXfvkmY&t=20s,/m/01b_21,audioset
Didgeridoo/-Vo4CAMX26U,-Vo4CAMX26U,Didgeridoo,30.0,40.0,https://www.youtube.com/watch?v=-Vo4CAMX26U,https://www.youtube.com/watch?v=-Vo4CAMX26U&t=30s,"/m/02bxd,/m/04rlf",audioset
Didgeridoo/1yWGmdevTuM,1yWGmdevTuM,Didgeridoo,30.0,40.0,https://www.youtube.com/watch?v=1yWGmdevTuM,https://www.youtube.com/watch?v=1yWGmdevTuM&t=30s,"/m/02bxd,/m/04rlf",audioset
Didgeridoo/4Psj5jYa7a4,4Psj5jYa7a4,Didgeridoo,20.0,30.0,https://www.youtube.com/watch?v=4Psj5jYa7a4,https://www.youtube.com/watch?v=4Psj5jYa7a4&t=20s,"/m/02bxd,/m/04rlf",audioset
Didgeridoo/Aky0DF507fw,Aky0DF507fw,Didgeridoo,170.0,180.0,https://www.youtube.com/watch?v=Aky0DF507fw,https://www.youtube.com/watch?v=Aky0DF507fw&t=170s,"/m/02bxd,/m/04rlf",audioset
Didgeridoo/NPXZIqxKvXA,NPXZIqxKvXA,Didgeridoo,30.0,40.0,https://www.youtube.com/watch?v=NPXZIqxKvXA,https://www.youtube.com/watch?v=NPXZIqxKvXA&t=30s,"/m/02bxd,/m/04rlf",audioset
Didgeridoo/VeXcCHo5iMI,VeXcCHo5iMI,Didgeridoo,30.0,40.0,https://www.youtube.com/watch?v=VeXcCHo5iMI,https://www.youtube.com/watch?v=VeXcCHo5iMI&t=30s,"/m/02bxd,/m/04rlf",audioset
Didgeridoo/cdIvqn14xgI,cdIvqn14xgI,Didgeridoo,30.0,40.0,https://www.youtube.com/watch?v=cdIvqn14xgI,https://www.youtube.com/watch?v=cdIvqn14xgI&t=30s,"/m/02bxd,/m/04rlf",audioset
Didgeridoo/j3a60_lwWjE,j3a60_lwWjE,Didgeridoo,30.0,40.0,https://www.youtube.com/watch?v=j3a60_lwWjE,https://www.youtube.com/watch?v=j3a60_lwWjE&t=30s,"/m/02bxd,/m/04rlf",audioset
Door/ChX3mPUgLok,ChX3mPUgLok,Door,30.0,40.0,https://www.youtube.com/watch?v=ChX3mPUgLok,https://www.youtube.com/watch?v=ChX3mPUgLok&t=30s,"/m/02dgv,/m/07rjzl8",audioset
Door/kYvoPTLXwwE,kYvoPTLXwwE,Door,0.0,6.0,https://www.youtube.com/watch?v=kYvoPTLXwwE,https://www.youtube.com/watch?v=kYvoPTLXwwE&t=0s,"/m/02dgv,/m/02y_763",audioset
Drawer_open_or_close/2Wk4Y3_dMuc,2Wk4Y3_dMuc,Drawer_open_or_close,440.0,450.0,https://www.youtube.com/watch?v=2Wk4Y3_dMuc,https://www.youtube.com/watch?v=2Wk4Y3_dMuc&t=440s,/m/0fqfqc,audioset
Drawer_open_or_close/TeweFm49s4M,TeweFm49s4M,Drawer_open_or_close,90.0,100.0,https://www.youtube.com/watch?v=TeweFm49s4M,https://www.youtube.com/watch?v=TeweFm49s4M&t=90s,/m/0fqfqc,audioset
Drawer_open_or_close/cBF73TX0xZk,cBF73TX0xZk,Drawer_open_or_close,30.0,40.0,https://www.youtube.com/watch?v=cBF73TX0xZk,https://www.youtube.com/watch?v=cBF73TX0xZk&t=30s,/m/0fqfqc,audioset
Drawer_open_or_close/i0uH_RoDvqM,i0uH_RoDvqM,Drawer_open_or_close,30.0,40.0,https://www.youtube.com/watch?v=i0uH_RoDvqM,https://www.youtube.com/watch?v=i0uH_RoDvqM&t=30s,/m/0fqfqc,audioset
Explosions/4mepgCDbq6A,4mepgCDbq6A,Explosions,0.0,5.0,https://www.youtube.com/watch?v=4mepgCDbq6A,https://www.youtube.com/watch?v=4mepgCDbq6A&t=0s,"/m/014zdl,/m/07pxg6y,/m/07qsvvw",audioset
Explosions/GfbyM1kN_-k,GfbyM1kN_-k,Explosions,190.0,200.0,https://www.youtube.com/watch?v=GfbyM1kN_-k,https://www.youtube.com/watch?v=GfbyM1kN_-k&t=190s,/m/07qqyl4,audioset
Explosions/KaNFEbvJ_kU,KaNFEbvJ_kU,Explosions,30.0,40.0,https://www.youtube.com/watch?v=KaNFEbvJ_kU,https://www.youtube.com/watch?v=KaNFEbvJ_kU&t=30s,/m/07pxg6y,audioset
Fire/u5sX_EosnV8,u5sX_EosnV8,Fire,160.0,170.0,https://www.youtube.com/watch?v=u5sX_EosnV8,https://www.youtube.com/watch?v=u5sX_EosnV8&t=160s,/m/02_41,audioset
Fowl/11ruZHgyTKM,11ruZHgyTKM,Fowl,30.0,40.0,https://www.youtube.com/watch?v=11ruZHgyTKM,https://www.youtube.com/watch?v=11ruZHgyTKM&t=30s,"/m/025rv6n,/m/07qn5dc,/m/09b5t",audioset
Fowl/2Fbt9QiLWWc,2Fbt9QiLWWc,Fowl,370.0,380.0,https://www.youtube.com/watch?v=2Fbt9QiLWWc,https://www.youtube.com/watch?v=2Fbt9QiLWWc&t=370s,"/m/025rv6n,/m/07st89h",audioset
Fowl/46zbt7TQHRs,46zbt7TQHRs,Fowl,0.0,10.0,https://www.youtube.com/watch?v=46zbt7TQHRs,https://www.youtube.com/watch?v=46zbt7TQHRs&t=0s,"/m/025rv6n,/m/07qn5dc,/m/09b5t",audioset
Fowl/8hT_Cg551_0,8hT_Cg551_0,Fowl,30.0,40.0,https://www.youtube.com/watch?v=8hT_Cg551_0,https://www.youtube.com/watch?v=8hT_Cg551_0&t=30s,"/m/025rv6n,/m/07qwf61,/m/0dbvp",audioset
Fowl/9R4qwSl7u2A,9R4qwSl7u2A,Fowl,480.0,490.0,https://www.youtube.com/watch?v=9R4qwSl7u2A,https://www.youtube.com/watch?v=9R4qwSl7u2A&t=480s,"/m/01rd7k,/m/025rv6n,/m/07svc2k",audioset
Fowl/9wMeb3Q-IiQ,9wMeb3Q-IiQ,Fowl,30.0,40.0,https://www.youtube.com/watch?v=9wMeb3Q-IiQ,https://www.youtube.com/watch?v=9wMeb3Q-IiQ&t=30s,"/m/025rv6n,/m/07qn5dc,/m/09b5t",audioset
Fowl/AMxnCzC33lo,AMxnCzC33lo,Fowl,70.0,80.0,https://www.youtube.com/watch?v=AMxnCzC33lo,https://www.youtube.com/watch?v=AMxnCzC33lo&t=70s,"/m/01rd7k,/m/025rv6n,/m/07svc2k",audioset
Fowl/CU72qSlceqM,CU72qSlceqM,Fowl,30.0,40.0,https://www.youtube.com/watch?v=CU72qSlceqM,https://www.youtube.com/watch?v=CU72qSlceqM&t=30s,"/m/025rv6n,/m/07qn5dc,/m/07st89h,/m/09b5t",audioset
Fowl/CX-gGuT3iEs,CX-gGuT3iEs,Fowl,230.0,240.0,https://www.youtube.com/watch?v=CX-gGuT3iEs,https://www.youtube.com/watch?v=CX-gGuT3iEs&t=230s,"/m/025rv6n,/m/07qn5dc,/m/07st89h,/m/09b5t",audioset
Fowl/DkJ6OScQshI,DkJ6OScQshI,Fowl,0.0,10.0,https://www.youtube.com/watch?v=DkJ6OScQshI,https://www.youtube.com/watch?v=DkJ6OScQshI&t=0s,"/m/025rv6n,/m/07qn5dc,/m/07st89h,/m/09b5t",audioset
Fowl/G-tO6Sqyiu4,G-tO6Sqyiu4,Fowl,30.0,40.0,https://www.youtube.com/watch?v=G-tO6Sqyiu4,https://www.youtube.com/watch?v=G-tO6Sqyiu4&t=30s,"/m/025rv6n,/m/07st89h,/m/09b5t",audioset
Fowl/GkStiQ3hR5g,GkStiQ3hR5g,Fowl,220.0,230.0,https://www.youtube.com/watch?v=GkStiQ3hR5g,https://www.youtube.com/watch?v=GkStiQ3hR5g&t=220s,"/m/025rv6n,/m/07qn5dc,/m/09b5t",audioset
Fowl/I1NE3H6soBU,I1NE3H6soBU,Fowl,300.0,310.0,https://www.youtube.com/watch?v=I1NE3H6soBU,https://www.youtube.com/watch?v=I1NE3H6soBU&t=300s,"/m/01rd7k,/m/025rv6n,/m/07qn5dc,/m/07svc2k,/m/09b5t",audioset
Fowl/ItvWPMW7RWE,ItvWPMW7RWE,Fowl,150.0,160.0,https://www.youtube.com/watch?v=ItvWPMW7RWE,https://www.youtube.com/watch?v=ItvWPMW7RWE&t=150s,"/m/025rv6n,/m/07qwf61,/m/0dbvp",audioset
Fowl/IyL7GafTLfY,IyL7GafTLfY,Fowl,30.0,40.0,https://www.youtube.com/watch?v=IyL7GafTLfY,https://www.youtube.com/watch?v=IyL7GafTLfY&t=30s,"/m/025rv6n,/m/07qn5dc,/m/07st89h,/m/09b5t",audioset
Fowl/LEJyA_IDpxg,LEJyA_IDpxg,Fowl,30.0,40.0,https://www.youtube.com/watch?v=LEJyA_IDpxg,https://www.youtube.com/watch?v=LEJyA_IDpxg&t=30s,"/m/025rv6n,/m/07qn5dc,/m/09b5t",audioset
Fowl/LF9q44DJgxY,LF9q44DJgxY,Fowl,30.0,40.0,https://www.youtube.com/watch?v=LF9q44DJgxY,https://www.youtube.com/watch?v=LF9q44DJgxY&t=30s,"/m/025rv6n,/m/0dbvp",audioset
Fowl/NcIR-UiXJI0,NcIR-UiXJI0,Fowl,30.0,40.0,https://www.youtube.com/watch?v=NcIR-UiXJI0,https://www.youtube.com/watch?v=NcIR-UiXJI0&t=30s,"/m/025rv6n,/m/07qn5dc,/m/07st89h,/m/09b5t",audioset
Fowl/PudSFQQxa-I,PudSFQQxa-I,Fowl,30.0,40.0,https://www.youtube.com/watch?v=PudSFQQxa-I,https://www.youtube.com/watch?v=PudSFQQxa-I&t=30s,"/m/025rv6n,/m/07qwf61,/m/0dbvp",audioset
Fowl/WF0CiXcsi5k,WF0CiXcsi5k,Fowl,270.0,280.0,https://www.youtube.com/watch?v=WF0CiXcsi5k,https://www.youtube.com/watch?v=WF0CiXcsi5k&t=270s,"/m/025rv6n,/m/07qn5dc,/m/07st89h,/m/09b5t",audioset
Fowl/emARK6c6Snk,emARK6c6Snk,Fowl,10.0,20.0,https://www.youtube.com/watch?v=emARK6c6Snk,https://www.youtube.com/watch?v=emARK6c6Snk&t=10s,"/m/01rd7k,/m/025rv6n,/m/07svc2k",audioset
Fowl/h6HkOxlVt5c,h6HkOxlVt5c,Fowl,70.0,80.0,https://www.youtube.com/watch?v=h6HkOxlVt5c,https://www.youtube.com/watch?v=h6HkOxlVt5c&t=70s,"/m/025rv6n,/m/07st89h,/m/09b5t",audioset
Fowl/muQm_S77_E0,muQm_S77_E0,Fowl,70.0,80.0,https://www.youtube.com/watch?v=muQm_S77_E0,https://www.youtube.com/watch?v=muQm_S77_E0&t=70s,"/m/01rd7k,/m/025rv6n,/m/07svc2k",audioset
Fowl/nVpU4g6jWu8,nVpU4g6jWu8,Fowl,30.0,40.0,https://www.youtube.com/watch?v=nVpU4g6jWu8,https://www.youtube.com/watch?v=nVpU4g6jWu8&t=30s,"/m/01rd7k,/m/025rv6n,/m/07svc2k",audioset
Fowl/rgUNUUP1Ta0,rgUNUUP1Ta0,Fowl,5.0,15.0,https://www.youtube.com/watch?v=rgUNUUP1Ta0,https://www.youtube.com/watch?v=rgUNUUP1Ta0&t=5s,"/m/025rv6n,/m/07qwf61,/m/0dbvp",audioset
Fowl/samyE_r0sXs,samyE_r0sXs,Fowl,130.0,140.0,https://www.youtube.com/watch?v=samyE_r0sXs,https://www.youtube.com/watch?v=samyE_r0sXs&t=130s,"/m/025rv6n,/m/07qwf61,/m/07st89h,/m/09b5t,/m/0dbvp",audioset
Frog/0N3-lCzOQPI,0N3-lCzOQPI,Frog,0.0,7.0,https://www.youtube.com/watch?v=0N3-lCzOQPI,https://www.youtube.com/watch?v=0N3-lCzOQPI&t=0s,"/m/07st88b,/m/09ld4",audioset
Frying_food/27jlpi7rq28,27jlpi7rq28,Frying_food,280.0,290.0,https://www.youtube.com/watch?v=27jlpi7rq28,https://www.youtube.com/watch?v=27jlpi7rq28&t=280s,/m/0dxrf,audioset
Frying_food/PTUxCvCz8Bc,PTUxCvCz8Bc,Frying_food,170.0,180.0,https://www.youtube.com/watch?v=PTUxCvCz8Bc,https://www.youtube.com/watch?v=PTUxCvCz8Bc&t=170s,/m/0dxrf,audioset
Frying_food/e4ZVQ74R5s4,e4ZVQ74R5s4,Frying_food,30.0,40.0,https://www.youtube.com/watch?v=e4ZVQ74R5s4,https://www.youtube.com/watch?v=e4ZVQ74R5s4&t=30s,/m/0dxrf,audioset
Glass/IiNZnbSHnBk,IiNZnbSHnBk,Glass,100.0,110.0,https://www.youtube.com/watch?v=IiNZnbSHnBk,https://www.youtube.com/watch?v=IiNZnbSHnBk&t=100s,/m/039jq,audioset
Glass/db7z5uroxsA,db7z5uroxsA,Glass,30.0,40.0,https://www.youtube.com/watch?v=db7z5uroxsA,https://www.youtube.com/watch?v=db7z5uroxsA&t=30s,/m/07rn7sz,audioset
Horse/0vSmiq7CrCk,0vSmiq7CrCk,Horse,16.0,26.0,https://www.youtube.com/watch?v=0vSmiq7CrCk,https://www.youtube.com/watch?v=0vSmiq7CrCk&t=16s,"/m/03k3r,/m/07q5rw0,/m/0jbk",audioset
Insect/2__T6Q8rCCA,2__T6Q8rCCA,Insect,80.0,90.0,https://www.youtube.com/watch?v=2__T6Q8rCCA,https://www.youtube.com/watch?v=2__T6Q8rCCA&t=80s,"/m/01h3n,/m/03vt0,/m/0h2mp",audioset
Insect/5j_v9dhjbdU,5j_v9dhjbdU,Insect,50.0,60.0,https://www.youtube.com/watch?v=5j_v9dhjbdU,https://www.youtube.com/watch?v=5j_v9dhjbdU&t=50s,"/m/01h3n,/m/03vt0,/m/0h2mp",audioset
Insect/9j_FItO0jt8,9j_FItO0jt8,Insect,30.0,40.0,https://www.youtube.com/watch?v=9j_FItO0jt8,https://www.youtube.com/watch?v=9j_FItO0jt8&t=30s,"/m/03vt0,/m/09xqv",audioset
Insect/GWvFDXjp9lU,GWvFDXjp9lU,Insect,140.0,150.0,https://www.youtube.com/watch?v=GWvFDXjp9lU,https://www.youtube.com/watch?v=GWvFDXjp9lU&t=140s,"/m/01h3n,/m/03vt0,/m/0h2mp",audioset
Insect/VUeoWEgUMrg,VUeoWEgUMrg,Insect,16.0,26.0,https://www.youtube.com/watch?v=VUeoWEgUMrg,https://www.youtube.com/watch?v=VUeoWEgUMrg&t=16s,"/m/01h3n,/m/03vt0,/m/09f96,/m/0h2mp",audioset
Insect/de8skUrbdUc,de8skUrbdUc,Insect,30.0,40.0,https://www.youtube.com/watch?v=de8skUrbdUc,https://www.youtube.com/watch?v=de8skUrbdUc&t=30s,"/m/03vt0,/m/09xqv",audioset
Insect/do1y1bkL14M,do1y1bkL14M,Insect,300.0,310.0,https://www.youtube.com/watch?v=do1y1bkL14M,https://www.youtube.com/watch?v=do1y1bkL14M&t=300s,"/m/01h3n,/m/03vt0,/m/0h2mp",audioset
Insect/e2KVj2vVxUs,e2KVj2vVxUs,Insect,30.0,40.0,https://www.youtube.com/watch?v=e2KVj2vVxUs,https://www.youtube.com/watch?v=e2KVj2vVxUs&t=30s,"/m/03vt0,/m/09xqv",audioset
Insect/jh0nGY4dzHg,jh0nGY4dzHg,Insect,280.0,290.0,https://www.youtube.com/watch?v=jh0nGY4dzHg,https://www.youtube.com/watch?v=jh0nGY4dzHg&t=280s,"/m/01h3n,/m/03vt0,/m/0h2mp",audioset
Insect/mkIilVe2qkg,mkIilVe2qkg,Insect,110.0,120.0,https://www.youtube.com/watch?v=mkIilVe2qkg,https://www.youtube.com/watch?v=mkIilVe2qkg&t=110s,"/m/03vt0,/m/09xqv",audioset
Keyboard_musical/-5CGQGSFGyg,-5CGQGSFGyg,Keyboard_musical,60.0,70.0,https://www.youtube.com/watch?v=-5CGQGSFGyg,https://www.youtube.com/watch?v=-5CGQGSFGyg&t=60s,"/m/013y1f,/m/01s0ps,/m/03xq_f,/m/05148p4,/m/05r5c",audioset
Keyboard_musical/10aBef0Ghkc,10aBef0Ghkc,Keyboard_musical,40.0,50.0,https://www.youtube.com/watch?v=10aBef0Ghkc,https://www.youtube.com/watch?v=10aBef0Ghkc&t=40s,"/m/01s0ps,/m/05148p4,/m/05r5c",audioset
Keyboard_musical/1_v-Kro86Io,1_v-Kro86Io,Keyboard_musical,10.0,20.0,https://www.youtube.com/watch?v=1_v-Kro86Io,https://www.youtube.com/watch?v=1_v-Kro86Io&t=10s,"/m/03q5t,/m/05148p4",audioset
Keyboard_musical/2_RltCGlGOA,2_RltCGlGOA,Keyboard_musical,10.0,20.0,https://www.youtube.com/watch?v=2_RltCGlGOA,https://www.youtube.com/watch?v=2_RltCGlGOA&t=10s,"/m/01s0ps,/m/05148p4,/m/05r5c",audioset
Keyboard_musical/3vpG1PgFF34,3vpG1PgFF34,Keyboard_musical,30.0,40.0,https://www.youtube.com/watch?v=3vpG1PgFF34,https://www.youtube.com/watch?v=3vpG1PgFF34&t=30s,"/m/03q5t,/m/05148p4",audioset
Keyboard_musical/466XkuormNQ,466XkuormNQ,Keyboard_musical,30.0,40.0,https://www.youtube.com/watch?v=466XkuormNQ,https://www.youtube.com/watch?v=466XkuormNQ&t=30s,"/m/03q5t,/m/05148p4",audioset
Keyboard_musical/4q4ejLxTo8I,4q4ejLxTo8I,Keyboard_musical,10.0,20.0,https://www.youtube.com/watch?v=4q4ejLxTo8I,https://www.youtube.com/watch?v=4q4ejLxTo8I&t=10s,"/m/013y1f,/m/03gvt",audioset
Keyboard_musical/5053qKZQ5kg,5053qKZQ5kg,Keyboard_musical,30.0,40.0,https://www.youtube.com/watch?v=5053qKZQ5kg,https://www.youtube.com/watch?v=5053qKZQ5kg&t=30s,"/m/03q5t,/m/05148p4",audioset
Keyboard_musical/5KeG0Q_mzgg,5KeG0Q_mzgg,Keyboard_musical,300.0,310.0,https://www.youtube.com/watch?v=5KeG0Q_mzgg,https://www.youtube.com/watch?v=5KeG0Q_mzgg&t=300s,"/m/013y1f,/m/01s0ps,/m/03xq_f,/m/05148p4,/m/05r5c",audioset
Keyboard_musical/8xU2s6Y-_a0,8xU2s6Y-_a0,Keyboard_musical,30.0,40.0,https://www.youtube.com/watch?v=8xU2s6Y-_a0,https://www.youtube.com/watch?v=8xU2s6Y-_a0&t=30s,"/m/013y1f,/m/03xq_f",audioset
Keyboard_musical/9i3NIA1NLeY,9i3NIA1NLeY,Keyboard_musical,60.0,70.0,https://www.youtube.com/watch?v=9i3NIA1NLeY,https://www.youtube.com/watch?v=9i3NIA1NLeY&t=60s,"/m/03q5t,/m/05148p4",audioset
Keyboard_musical/9q3JJ7Fhvbs,9q3JJ7Fhvbs,Keyboard_musical,70.0,80.0,https://www.youtube.com/watch?v=9q3JJ7Fhvbs,https://www.youtube.com/watch?v=9q3JJ7Fhvbs&t=70s,"/m/013y1f,/m/03xq_f",audioset
Keyboard_musical/B0TIfxXf4t0,B0TIfxXf4t0,Keyboard_musical,100.0,110.0,https://www.youtube.com/watch?v=B0TIfxXf4t0,https://www.youtube.com/watch?v=B0TIfxXf4t0&t=100s,"/m/013y1f,/m/03gvt",audioset
Keyboard_musical/BE8Mv5ww4BM,BE8Mv5ww4BM,Keyboard_musical,171.0,181.0,https://www.youtube.com/watch?v=BE8Mv5ww4BM,https://www.youtube.com/watch?v=BE8Mv5ww4BM&t=171s,"/m/013y1f,/m/03gvt",audioset
Keyboard_musical/C7hEJn-CQEU,C7hEJn-CQEU,Keyboard_musical,30.0,40.0,https://www.youtube.com/watch?v=C7hEJn-CQEU,https://www.youtube.com/watch?v=C7hEJn-CQEU&t=30s,"/m/013y1f,/m/01s0ps,/m/03xq_f,/m/05148p4,/m/05r5c",audioset
Keyboard_musical/CF7-FnDkLwU,CF7-FnDkLwU,Keyboard_musical,30.0,40.0,https://www.youtube.com/watch?v=CF7-FnDkLwU,https://www.youtube.com/watch?v=CF7-FnDkLwU&t=30s,"/m/013y1f,/m/03gvt,/m/05148p4,/m/05r5c",audioset
Keyboard_musical/CUMunjwsO2U,CUMunjwsO2U,Keyboard_musical,20.0,30.0,https://www.youtube.com/watch?v=CUMunjwsO2U,https://www.youtube.com/watch?v=CUMunjwsO2U&t=20s,"/m/01s0ps,/m/05148p4,/m/05r5c",audioset
Keyboard_musical/CbW1nNBqVnI,CbW1nNBqVnI,Keyboard_musical,30.0,40.0,https://www.youtube.com/watch?v=CbW1nNBqVnI,https://www.youtube.com/watch?v=CbW1nNBqVnI&t=30s,"/m/03q5t,/m/05148p4",audioset
Keyboard_musical/E2DcawleYIY,E2DcawleYIY,Keyboard_musical,30.0,40.0,https://www.youtube.com/watch?v=E2DcawleYIY,https://www.youtube.com/watch?v=E2DcawleYIY&t=30s,"/m/013y1f,/m/03xq_f",audioset
Keyboard_musical/ENX0totqysA,ENX0totqysA,Keyboard_musical,30.0,40.0,https://www.youtube.com/watch?v=ENX0totqysA,https://www.youtube.com/watch?v=ENX0totqysA&t=30s,"/m/01s0ps,/m/05148p4,/m/05r5c",audioset
Keyboard_musical/GhEPMDQZ174,GhEPMDQZ174,Keyboard_musical,30.0,40.0,https://www.youtube.com/watch?v=GhEPMDQZ174,https://www.youtube.com/watch?v=GhEPMDQZ174&t=30s,"/m/03q5t,/m/05148p4",audioset
Keyboard_musical/HMhAM5aicvI,HMhAM5aicvI,Keyboard_musical,30.0,40.0,https://www.youtube.com/watch?v=HMhAM5aicvI,https://www.youtube.com/watch?v=HMhAM5aicvI&t=30s,"/m/013y1f,/m/01s0ps,/m/03xq_f,/m/05148p4,/m/05r5c",audioset
Keyboard_musical/HhsGpNE4abY,HhsGpNE4abY,Keyboard_musical,300.0,310.0,https://www.youtube.com/watch?v=HhsGpNE4abY,https://www.youtube.com/watch?v=HhsGpNE4abY&t=300s,"/m/013y1f,/m/03gvt,/m/05148p4,/m/05r5c",audioset
Keyboard_musical/K3dENGPyIqc,K3dENGPyIqc,Keyboard_musical,50.0,60.0,https://www.youtube.com/watch?v=K3dENGPyIqc,https://www.youtube.com/watch?v=K3dENGPyIqc&t=50s,"/m/013y1f,/m/03gvt",audioset
Keyboard_musical/Kvpav8cFKhM,Kvpav8cFKhM,Keyboard_musical,120.0,130.0,https://www.youtube.com/watch?v=Kvpav8cFKhM,https://www.youtube.com/watch?v=Kvpav8cFKhM&t=120s,"/m/013y1f,/m/03xq_f,/m/05148p4",audioset
Keyboard_musical/NE_DQerjrVU,NE_DQerjrVU,Keyboard_musical,20.0,30.0,https://www.youtube.com/watch?v=NE_DQerjrVU,https://www.youtube.com/watch?v=NE_DQerjrVU&t=20s,"/m/013y1f,/m/03gvt",audioset
Keyboard_musical/PFR3S6jN0Ng,PFR3S6jN0Ng,Keyboard_musical,30.0,40.0,https://www.youtube.com/watch?v=PFR3S6jN0Ng,https://www.youtube.com/watch?v=PFR3S6jN0Ng&t=30s,"/m/013y1f,/m/01s0ps,/m/03xq_f,/m/05148p4,/m/05r5c",audioset
Keyboard_musical/PvmP-5ELDRw,PvmP-5ELDRw,Keyboard_musical,30.0,40.0,https://www.youtube.com/watch?v=PvmP-5ELDRw,https://www.youtube.com/watch?v=PvmP-5ELDRw&t=30s,"/m/013y1f,/m/03gvt,/m/03q5t,/m/05148p4",audioset
Keyboard_musical/Q9DRfeNHKGw,Q9DRfeNHKGw,Keyboard_musical,200.0,210.0,https://www.youtube.com/watch?v=Q9DRfeNHKGw,https://www.youtube.com/watch?v=Q9DRfeNHKGw&t=200s,"/m/013y1f,/m/03xq_f",audioset
Keyboard_musical/RcVJVUfXWgU,RcVJVUfXWgU,Keyboard_musical,120.0,130.0,https://www.youtube.com/watch?v=RcVJVUfXWgU,https://www.youtube.com/watch?v=RcVJVUfXWgU&t=120s,"/m/013y1f,/m/03gvt",audioset
Keyboard_musical/S7tyzFdnDhA,S7tyzFdnDhA,Keyboard_musical,0.0,10.0,https://www.youtube.com/watch?v=S7tyzFdnDhA,https://www.youtube.com/watch?v=S7tyzFdnDhA&t=0s,"/m/013y1f,/m/03xq_f",audioset
Keyboard_musical/T0S4-E8BE0A,T0S4-E8BE0A,Keyboard_musical,60.0,70.0,https://www.youtube.com/watch?v=T0S4-E8BE0A,https://www.youtube.com/watch?v=T0S4-E8BE0A&t=60s,"/m/013y1f,/m/03xq_f",audioset
Keyboard_musical/TJ4aeESZ6e8,TJ4aeESZ6e8,Keyboard_musical,100.0,110.0,https://www.youtube.com/watch?v=TJ4aeESZ6e8,https://www.youtube.com/watch?v=TJ4aeESZ6e8&t=100s,"/m/01s0ps,/m/05148p4,/m/05r5c",audioset
Keyboard_musical/TkrtTUPxHNI,TkrtTUPxHNI,Keyboard_musical,30.0,40.0,https://www.youtube.com/watch?v=TkrtTUPxHNI,https://www.youtube.com/watch?v=TkrtTUPxHNI&t=30s,"/m/013y1f,/m/03q5t,/m/03xq_f,/m/05148p4",audioset
Keyboard_musical/UmLcXeGMYnc,UmLcXeGMYnc,Keyboard_musical,180.0,190.0,https://www.youtube.com/watch?v=UmLcXeGMYnc,https://www.youtube.com/watch?v=UmLcXeGMYnc&t=180s,"/m/013y1f,/m/01s0ps,/m/03gvt,/m/05148p4,/m/05r5c",audioset
Keyboard_musical/WeAejlzuFMQ,WeAejlzuFMQ,Keyboard_musical,460.0,470.0,https://www.youtube.com/watch?v=WeAejlzuFMQ,https://www.youtube.com/watch?v=WeAejlzuFMQ&t=460s,"/m/013y1f,/m/03xq_f",audioset
Keyboard_musical/XNYpNwQrCWE,XNYpNwQrCWE,Keyboard_musical,170.0,180.0,https://www.youtube.com/watch?v=XNYpNwQrCWE,https://www.youtube.com/watch?v=XNYpNwQrCWE&t=170s,"/m/03q5t,/m/05148p4",audioset
Keyboard_musical/c8AulW4IZVs,c8AulW4IZVs,Keyboard_musical,30.0,40.0,https://www.youtube.com/watch?v=c8AulW4IZVs,https://www.youtube.com/watch?v=c8AulW4IZVs&t=30s,"/m/013y1f,/m/01s0ps,/m/03xq_f,/m/05148p4,/m/05r5c",audioset
Keyboard_musical/dpTKSxH3asA,dpTKSxH3asA,Keyboard_musical,30.0,40.0,https://www.youtube.com/watch?v=dpTKSxH3asA,https://www.youtube.com/watch?v=dpTKSxH3asA&t=30s,"/m/013y1f,/m/03xq_f",audioset
Keyboard_musical/fW6NVxZZekE,fW6NVxZZekE,Keyboard_musical,100.0,110.0,https://www.youtube.com/watch?v=fW6NVxZZekE,https://www.youtube.com/watch?v=fW6NVxZZekE&t=100s,"/m/01s0ps,/m/05148p4,/m/05r5c",audioset
Keyboard_musical/fvOZ_L5EY0k,fvOZ_L5EY0k,Keyboard_musical,30.0,40.0,https://www.youtube.com/watch?v=fvOZ_L5EY0k,https://www.youtube.com/watch?v=fvOZ_L5EY0k&t=30s,"/m/013y1f,/m/03gvt",audioset
Keyboard_musical/gYw7UgO2usI,gYw7UgO2usI,Keyboard_musical,30.0,40.0,https://www.youtube.com/watch?v=gYw7UgO2usI,https://www.youtube.com/watch?v=gYw7UgO2usI&t=30s,"/m/03q5t,/m/05148p4",audioset
Keyboard_musical/ge191yHHQio,ge191yHHQio,Keyboard_musical,30.0,40.0,https://www.youtube.com/watch?v=ge191yHHQio,https://www.youtube.com/watch?v=ge191yHHQio&t=30s,"/m/03q5t,/m/05148p4",audioset
Keyboard_musical/glLQrEijrKg,glLQrEijrKg,Keyboard_musical,300.0,310.0,https://www.youtube.com/watch?v=glLQrEijrKg,https://www.youtube.com/watch?v=glLQrEijrKg&t=300s,"/m/013y1f,/m/03gvt",audioset
Keyboard_musical/hsmrvZEc_uw,hsmrvZEc_uw,Keyboard_musical,150.0,160.0,https://www.youtube.com/watch?v=hsmrvZEc_uw,https://www.youtube.com/watch?v=hsmrvZEc_uw&t=150s,"/m/013y1f,/m/03xq_f",audioset
Keyboard_musical/iYE4gYV7RA0,iYE4gYV7RA0,Keyboard_musical,60.0,70.0,https://www.youtube.com/watch?v=iYE4gYV7RA0,https://www.youtube.com/watch?v=iYE4gYV7RA0&t=60s,"/m/013y1f,/m/01s0ps,/m/03gvt,/m/05148p4,/m/05r5c",audioset
Keyboard_musical/l3abwXzDR1g,l3abwXzDR1g,Keyboard_musical,30.0,40.0,https://www.youtube.com/watch?v=l3abwXzDR1g,https://www.youtube.com/watch?v=l3abwXzDR1g&t=30s,"/m/013y1f,/m/03xq_f",audioset
Keyboard_musical/lAXpiE0dm_k,lAXpiE0dm_k,Keyboard_musical,340.0,350.0,https://www.youtube.com/watch?v=lAXpiE0dm_k,https://www.youtube.com/watch?v=lAXpiE0dm_k&t=340s,"/m/01s0ps,/m/05148p4,/m/05r5c",audioset
Keyboard_musical/pCF6jJMaCnU,pCF6jJMaCnU,Keyboard_musical,30.0,40.0,https://www.youtube.com/watch?v=pCF6jJMaCnU,https://www.youtube.com/watch?v=pCF6jJMaCnU&t=30s,"/m/03q5t,/m/05148p4",audioset
Keyboard_musical/pa7LPGqm2uk,pa7LPGqm2uk,Keyboard_musical,30.0,40.0,https://www.youtube.com/watch?v=pa7LPGqm2uk,https://www.youtube.com/watch?v=pa7LPGqm2uk&t=30s,"/m/03q5t,/m/05148p4",audioset
Keyboard_musical/ph0-RkqW1vM,ph0-RkqW1vM,Keyboard_musical,0.0,10.0,https://www.youtube.com/watch?v=ph0-RkqW1vM,https://www.youtube.com/watch?v=ph0-RkqW1vM&t=0s,"/m/01s0ps,/m/05148p4,/m/05r5c",audioset
Keyboard_musical/pxU78kiZqCM,pxU78kiZqCM,Keyboard_musical,30.0,40.0,https://www.youtube.com/watch?v=pxU78kiZqCM,https://www.youtube.com/watch?v=pxU78kiZqCM&t=30s,"/m/013y1f,/m/03xq_f",audioset
Keyboard_musical/s477WHLPoOU,s477WHLPoOU,Keyboard_musical,0.0,10.0,https://www.youtube.com/watch?v=s477WHLPoOU,https://www.youtube.com/watch?v=s477WHLPoOU&t=0s,"/m/01s0ps,/m/05148p4,/m/05r5c",audioset
Keyboard_musical/tGGI9RnCxIo,tGGI9RnCxIo,Keyboard_musical,50.0,60.0,https://www.youtube.com/watch?v=tGGI9RnCxIo,https://www.youtube.com/watch?v=tGGI9RnCxIo&t=50s,"/m/013y1f,/m/03gvt,/m/05148p4,/m/05r5c",audioset
Keyboard_musical/vO2_Hiv01Y4,vO2_Hiv01Y4,Keyboard_musical,30.0,40.0,https://www.youtube.com/watch?v=vO2_Hiv01Y4,https://www.youtube.com/watch?v=vO2_Hiv01Y4&t=30s,"/m/013y1f,/m/03gvt,/m/05148p4",audioset
Keyboard_musical/vQUr-TKC76g,vQUr-TKC76g,Keyboard_musical,30.0,40.0,https://www.youtube.com/watch?v=vQUr-TKC76g,https://www.youtube.com/watch?v=vQUr-TKC76g&t=30s,"/m/013y1f,/m/03gvt",audioset
Keyboard_musical/vnvMxxgYlgo,vnvMxxgYlgo,Keyboard_musical,200.0,210.0,https://www.youtube.com/watch?v=vnvMxxgYlgo,https://www.youtube.com/watch?v=vnvMxxgYlgo&t=200s,"/m/01s0ps,/m/05148p4,/m/05r5c",audioset
Keyboard_musical/yOP7z54BXYo,yOP7z54BXYo,Keyboard_musical,30.0,40.0,https://www.youtube.com/watch?v=yOP7z54BXYo,https://www.youtube.com/watch?v=yOP7z54BXYo&t=30s,"/m/03q5t,/m/05148p4",audioset
Laughter/-0BIyqJj9ZU,-0BIyqJj9ZU,Laughter,30.0,40.0,https://www.youtube.com/watch?v=-0BIyqJj9ZU,https://www.youtube.com/watch?v=-0BIyqJj9ZU&t=30s,"/m/07rgt08,/m/07sq110,/t/dd00001",audioset
Laughter/3gCD4JFbxuo,3gCD4JFbxuo,Laughter,90.0,100.0,https://www.youtube.com/watch?v=3gCD4JFbxuo,https://www.youtube.com/watch?v=3gCD4JFbxuo&t=90s,"/m/01j3sz,/t/dd00001",audioset
Laughter/56JhihsdBXI,56JhihsdBXI,Laughter,30.0,40.0,https://www.youtube.com/watch?v=56JhihsdBXI,https://www.youtube.com/watch?v=56JhihsdBXI&t=30s,/t/dd00001,audioset
Laughter/7-Wm2TyvMs8,7-Wm2TyvMs8,Laughter,30.0,40.0,https://www.youtube.com/watch?v=7-Wm2TyvMs8,https://www.youtube.com/watch?v=7-Wm2TyvMs8&t=30s,"/m/01j3sz,/m/07s04w4,/m/07sq110",audioset
Laughter/BXWWHXp00ls,BXWWHXp00ls,Laughter,30.0,40.0,https://www.youtube.com/watch?v=BXWWHXp00ls,https://www.youtube.com/watch?v=BXWWHXp00ls&t=30s,"/m/07rgt08,/m/07sq110",audioset
Laughter/BokrfYASP28,BokrfYASP28,Laughter,30.0,40.0,https://www.youtube.com/watch?v=BokrfYASP28,https://www.youtube.com/watch?v=BokrfYASP28&t=30s,"/m/01j3sz,/t/dd00001",audioset
Laughter/BxtN7sKDt5E,BxtN7sKDt5E,Laughter,30.0,40.0,https://www.youtube.com/watch?v=BxtN7sKDt5E,https://www.youtube.com/watch?v=BxtN7sKDt5E&t=30s,/m/07s04w4,audioset
Laughter/FWWM9d899l0,FWWM9d899l0,Laughter,30.0,40.0,https://www.youtube.com/watch?v=FWWM9d899l0,https://www.youtube.com/watch?v=FWWM9d899l0&t=30s,"/m/01j3sz,/m/07s04w4",audioset
Laughter/Hm6hH83SFGk,Hm6hH83SFGk,Laughter,10.0,20.0,https://www.youtube.com/watch?v=Hm6hH83SFGk,https://www.youtube.com/watch?v=Hm6hH83SFGk&t=10s,"/m/01j3sz,/m/07sq110",audioset
Laughter/Sb5nf9DkzTs,Sb5nf9DkzTs,Laughter,50.0,60.0,https://www.youtube.com/watch?v=Sb5nf9DkzTs,https://www.youtube.com/watch?v=Sb5nf9DkzTs&t=50s,"/m/01j3sz,/m/07r660_,/t/dd00001",audioset
Laughter/gXpT8TZjAnI,gXpT8TZjAnI,Laughter,30.0,40.0,https://www.youtube.com/watch?v=gXpT8TZjAnI,https://www.youtube.com/watch?v=gXpT8TZjAnI&t=30s,"/m/07r660_,/m/07s04w4",audioset
Laughter/lehPGCdtNmY,lehPGCdtNmY,Laughter,30.0,40.0,https://www.youtube.com/watch?v=lehPGCdtNmY,https://www.youtube.com/watch?v=lehPGCdtNmY&t=30s,"/m/01j3sz,/m/07rgt08,/t/dd00001",audioset
Laughter/rO0jmZHwV8Q,rO0jmZHwV8Q,Laughter,120.0,130.0,https://www.youtube.com/watch?v=rO0jmZHwV8Q,https://www.youtube.com/watch?v=rO0jmZHwV8Q&t=120s,"/m/01j3sz,/m/07rgt08,/m/07s04w4,/m/07sq110",audioset
Laughter/sSJAzADv_pw,sSJAzADv_pw,Laughter,30.0,40.0,https://www.youtube.com/watch?v=sSJAzADv_pw,https://www.youtube.com/watch?v=sSJAzADv_pw&t=30s,"/m/07rgt08,/t/dd00001",audioset
Laughter/sbZ5Ls141fg,sbZ5Ls141fg,Laughter,30.0,40.0,https://www.youtube.com/watch?v=sbZ5Ls141fg,https://www.youtube.com/watch?v=sbZ5Ls141fg&t=30s,"/m/07r660_,/t/dd00001",audioset
Laughter/upQ7tDUwLwE,upQ7tDUwLwE,Laughter,60.0,70.0,https://www.youtube.com/watch?v=upQ7tDUwLwE,https://www.youtube.com/watch?v=upQ7tDUwLwE&t=60s,/m/07r660_,audioset
Mechanical_fan/-8Ds_ZrtQ9M,-8Ds_ZrtQ9M,Mechanical_fan,20.0,30.0,https://www.youtube.com/watch?v=-8Ds_ZrtQ9M,https://www.youtube.com/watch?v=-8Ds_ZrtQ9M&t=20s,/m/02x984l,audioset
Mechanical_fan/AzaFXVywLWk,AzaFXVywLWk,Mechanical_fan,30.0,40.0,https://www.youtube.com/watch?v=AzaFXVywLWk,https://www.youtube.com/watch?v=AzaFXVywLWk&t=30s,/m/02x984l,audioset
Mechanical_fan/Ff3S0vvWM1o,Ff3S0vvWM1o,Mechanical_fan,30.0,40.0,https://www.youtube.com/watch?v=Ff3S0vvWM1o,https://www.youtube.com/watch?v=Ff3S0vvWM1o&t=30s,/m/02x984l,audioset
Mechanical_fan/H6BsnEYfyKg,H6BsnEYfyKg,Mechanical_fan,140.0,150.0,https://www.youtube.com/watch?v=H6BsnEYfyKg,https://www.youtube.com/watch?v=H6BsnEYfyKg&t=140s,/m/02x984l,audioset
Mechanical_fan/c8ya3LwNjWQ,c8ya3LwNjWQ,Mechanical_fan,140.0,150.0,https://www.youtube.com/watch?v=c8ya3LwNjWQ,https://www.youtube.com/watch?v=c8ya3LwNjWQ&t=140s,/m/02x984l,audioset
Mechanical_fan/mqqm_2v2wTY,mqqm_2v2wTY,Mechanical_fan,40.0,50.0,https://www.youtube.com/watch?v=mqqm_2v2wTY,https://www.youtube.com/watch?v=mqqm_2v2wTY&t=40s,/m/02x984l,audioset
Microwave_oven/BCVmSKS_LRw,BCVmSKS_LRw,Microwave_oven,10.0,20.0,https://www.youtube.com/watch?v=BCVmSKS_LRw,https://www.youtube.com/watch?v=BCVmSKS_LRw&t=10s,/m/0fx9l,audioset
Microwave_oven/CTFoGCpCScY,CTFoGCpCScY,Microwave_oven,30.0,40.0,https://www.youtube.com/watch?v=CTFoGCpCScY,https://www.youtube.com/watch?v=CTFoGCpCScY&t=30s,/m/0fx9l,audioset
Pig/evrjgW1fMAE,evrjgW1fMAE,Pig,0.0,10.0,https://www.youtube.com/watch?v=evrjgW1fMAE,https://www.youtube.com/watch?v=evrjgW1fMAE&t=0s,"/m/068zj,/m/0jbk",audioset
Pig/g-ydIGNxjbE,g-ydIGNxjbE,Pig,4.0,14.0,https://www.youtube.com/watch?v=g-ydIGNxjbE,https://www.youtube.com/watch?v=g-ydIGNxjbE&t=4s,/t/dd00018,audioset
Printer/6VBURvUgzls,6VBURvUgzls,Printer,30.0,40.0,https://www.youtube.com/watch?v=6VBURvUgzls,https://www.youtube.com/watch?v=6VBURvUgzls&t=30s,/m/01m4t,audioset
Printer/Bn2bWpoZOS8,Bn2bWpoZOS8,Printer,30.0,40.0,https://www.youtube.com/watch?v=Bn2bWpoZOS8,https://www.youtube.com/watch?v=Bn2bWpoZOS8&t=30s,/m/01m4t,audioset
Printer/BvjaNZKOYiU,BvjaNZKOYiU,Printer,30.0,40.0,https://www.youtube.com/watch?v=BvjaNZKOYiU,https://www.youtube.com/watch?v=BvjaNZKOYiU&t=30s,/m/01m4t,audioset
Printer/DaSr6mc6TM8,DaSr6mc6TM8,Printer,140.0,150.0,https://www.youtube.com/watch?v=DaSr6mc6TM8,https://www.youtube.com/watch?v=DaSr6mc6TM8&t=140s,/m/01m4t,audioset
Printer/Lt7dagnE-3A,Lt7dagnE-3A,Printer,70.0,80.0,https://www.youtube.com/watch?v=Lt7dagnE-3A,https://www.youtube.com/watch?v=Lt7dagnE-3A&t=70s,/m/01m4t,audioset
Printer/_NvCMlLCDPQ,_NvCMlLCDPQ,Printer,30.0,40.0,https://www.youtube.com/watch?v=_NvCMlLCDPQ,https://www.youtube.com/watch?v=_NvCMlLCDPQ&t=30s,/m/01m4t,audioset
Printer/mqoDGDifyzw,mqoDGDifyzw,Printer,0.0,5.0,https://www.youtube.com/watch?v=mqoDGDifyzw,https://www.youtube.com/watch?v=mqoDGDifyzw&t=0s,/m/01m4t,audioset
Printer/qlEUrEVqDbo,qlEUrEVqDbo,Printer,30.0,40.0,https://www.youtube.com/watch?v=qlEUrEVqDbo,https://www.youtube.com/watch?v=qlEUrEVqDbo&t=30s,/m/01m4t,audioset
Rain/3yt8xEb1VXA,3yt8xEb1VXA,Rain,200.0,210.0,https://www.youtube.com/watch?v=3yt8xEb1VXA,https://www.youtube.com/watch?v=3yt8xEb1VXA&t=200s,"/m/06mb1,/m/07r10fb,/t/dd00038",audioset
Rain/4tnwJe6vvrE,4tnwJe6vvrE,Rain,30.0,40.0,https://www.youtube.com/watch?v=4tnwJe6vvrE,https://www.youtube.com/watch?v=4tnwJe6vvrE&t=30s,"/m/06mb1,/m/07r10fb",audioset
Rain/D_MavKxL6oc,D_MavKxL6oc,Rain,30.0,40.0,https://www.youtube.com/watch?v=D_MavKxL6oc,https://www.youtube.com/watch?v=D_MavKxL6oc&t=30s,"/m/06mb1,/m/07r10fb,/t/dd00038",audioset
Rain/d3eq6JLipyk,d3eq6JLipyk,Rain,270.0,280.0,https://www.youtube.com/watch?v=d3eq6JLipyk,https://www.youtube.com/watch?v=d3eq6JLipyk&t=270s,"/m/06mb1,/m/07r10fb,/t/dd00038",audioset
Rain/q9YBqlAwDec,q9YBqlAwDec,Rain,30.0,40.0,https://www.youtube.com/watch?v=q9YBqlAwDec,https://www.youtube.com/watch?v=q9YBqlAwDec&t=30s,"/m/06mb1,/m/07r10fb,/t/dd00038",audioset
Scissors/3v93yDHV-KY,3v93yDHV-KY,Scissors,140.0,150.0,https://www.youtube.com/watch?v=3v93yDHV-KY,https://www.youtube.com/watch?v=3v93yDHV-KY&t=140s,/m/01lsmm,audioset
Scissors/MuVyBt9y0oY,MuVyBt9y0oY,Scissors,30.0,40.0,https://www.youtube.com/watch?v=MuVyBt9y0oY,https://www.youtube.com/watch?v=MuVyBt9y0oY&t=30s,/m/01lsmm,audioset
Scissors/Q9gEh0GV5nw,Q9gEh0GV5nw,Scissors,30.0,40.0,https://www.youtube.com/watch?v=Q9gEh0GV5nw,https://www.youtube.com/watch?v=Q9gEh0GV5nw&t=30s,/m/01lsmm,audioset
Scissors/XG5BD4iHty8,XG5BD4iHty8,Scissors,60.0,70.0,https://www.youtube.com/watch?v=XG5BD4iHty8,https://www.youtube.com/watch?v=XG5BD4iHty8&t=60s,/m/01lsmm,audioset
Scissors/cDqpKAy6jkQ,cDqpKAy6jkQ,Scissors,480.0,490.0,https://www.youtube.com/watch?v=cDqpKAy6jkQ,https://www.youtube.com/watch?v=cDqpKAy6jkQ&t=480s,/m/01lsmm,audioset
Sewing_machine/AY0jDdFbBZQ,AY0jDdFbBZQ,Sewing_machine,25.0,35.0,https://www.youtube.com/watch?v=AY0jDdFbBZQ,https://www.youtube.com/watch?v=AY0jDdFbBZQ&t=25s,/m/0llzx,audioset
Sewing_machine/DRC7KTs-BLc,DRC7KTs-BLc,Sewing_machine,8.0,18.0,https://www.youtube.com/watch?v=DRC7KTs-BLc,https://www.youtube.com/watch?v=DRC7KTs-BLc&t=8s,/m/0llzx,audioset
Sewing_machine/EBHSSNxR-_0,EBHSSNxR-_0,Sewing_machine,4.0,14.0,https://www.youtube.com/watch?v=EBHSSNxR-_0,https://www.youtube.com/watch?v=EBHSSNxR-_0&t=4s,/m/0llzx,audioset
Sewing_machine/RMX2aviLZdo,RMX2aviLZdo,Sewing_machine,70.0,80.0,https://www.youtube.com/watch?v=RMX2aviLZdo,https://www.youtube.com/watch?v=RMX2aviLZdo&t=70s,/m/0llzx,audioset
Sewing_machine/RQIVLqDLQzA,RQIVLqDLQzA,Sewing_machine,50.0,60.0,https://www.youtube.com/watch?v=RQIVLqDLQzA,https://www.youtube.com/watch?v=RQIVLqDLQzA&t=50s,/m/0llzx,audioset
Sewing_machine/Ry5c8frvq1g,Ry5c8frvq1g,Sewing_machine,390.0,400.0,https://www.youtube.com/watch?v=Ry5c8frvq1g,https://www.youtube.com/watch?v=Ry5c8frvq1g&t=390s,/m/0llzx,audioset
Sewing_machine/VRaLq9Gb9xI,VRaLq9Gb9xI,Sewing_machine,180.0,190.0,https://www.youtube.com/watch?v=VRaLq9Gb9xI,https://www.youtube.com/watch?v=VRaLq9Gb9xI&t=180s,/m/0llzx,audioset
Sewing_machine/eQ8CMCLS5rY,eQ8CMCLS5rY,Sewing_machine,550.0,560.0,https://www.youtube.com/watch?v=eQ8CMCLS5rY,https://www.youtube.com/watch?v=eQ8CMCLS5rY&t=550s,/m/0llzx,audioset
Sewing_machine/rPB9W8vYexw,rPB9W8vYexw,Sewing_machine,240.0,250.0,https://www.youtube.com/watch?v=rPB9W8vYexw,https://www.youtube.com/watch?v=rPB9W8vYexw&t=240s,/m/0llzx,audioset
Shuffling_cards/K94H8D2Ms44,K94H8D2Ms44,Shuffling_cards,30.0,40.0,https://www.youtube.com/watch?v=K94H8D2Ms44,https://www.youtube.com/watch?v=K94H8D2Ms44&t=30s,/m/05rj2,audioset
Singing/-nQ9a0P1TlY,-nQ9a0P1TlY,Singing,23.0,33.0,https://www.youtube.com/watch?v=-nQ9a0P1TlY,https://www.youtube.com/watch?v=-nQ9a0P1TlY&t=23s,/t/dd00005,audioset
Singing/4v1VgwCvm_U,4v1VgwCvm_U,Singing,30.0,40.0,https://www.youtube.com/watch?v=4v1VgwCvm_U,https://www.youtube.com/watch?v=4v1VgwCvm_U&t=30s,/t/dd00004,audioset
Singing/Cpwy_3wUjSc,Cpwy_3wUjSc,Singing,330.0,340.0,https://www.youtube.com/watch?v=Cpwy_3wUjSc,https://www.youtube.com/watch?v=Cpwy_3wUjSc&t=330s,"/m/015lz1,/t/dd00005",audioset
Singing_bowl/7UpWB3q3Tf8,7UpWB3q3Tf8,Singing_bowl,30.0,40.0,https://www.youtube.com/watch?v=7UpWB3q3Tf8,https://www.youtube.com/watch?v=7UpWB3q3Tf8&t=30s,/m/0l14t7,audioset
Singing_bowl/9e6oA02wk94,9e6oA02wk94,Singing_bowl,20.0,30.0,https://www.youtube.com/watch?v=9e6oA02wk94,https://www.youtube.com/watch?v=9e6oA02wk94&t=20s,/m/0l14t7,audioset
Singing_bowl/Pn-J9-LQRw8,Pn-J9-LQRw8,Singing_bowl,30.0,40.0,https://www.youtube.com/watch?v=Pn-J9-LQRw8,https://www.youtube.com/watch?v=Pn-J9-LQRw8&t=30s,/m/0l14t7,audioset
Singing_bowl/QeUxAl-USck,QeUxAl-USck,Singing_bowl,230.0,240.0,https://www.youtube.com/watch?v=QeUxAl-USck,https://www.youtube.com/watch?v=QeUxAl-USck&t=230s,/m/0l14t7,audioset
Singing_bowl/VpYJRHq8TC0,VpYJRHq8TC0,Singing_bowl,110.0,120.0,https://www.youtube.com/watch?v=VpYJRHq8TC0,https://www.youtube.com/watch?v=VpYJRHq8TC0&t=110s,/m/0l14t7,audioset
Singing_bowl/fjJPvFZswhg,fjJPvFZswhg,Singing_bowl,30.0,40.0,https://www.youtube.com/watch?v=fjJPvFZswhg,https://www.youtube.com/watch?v=fjJPvFZswhg&t=30s,/m/0l14t7,audioset
Singing_bowl/qYjhJeSVJ2A,qYjhJeSVJ2A,Singing_bowl,30.0,40.0,https://www.youtube.com/watch?v=qYjhJeSVJ2A,https://www.youtube.com/watch?v=qYjhJeSVJ2A&t=30s,/m/0l14t7,audioset
Singing_bowl/rdOJZDWJkuk,rdOJZDWJkuk,Singing_bowl,80.0,90.0,https://www.youtube.com/watch?v=rdOJZDWJkuk,https://www.youtube.com/watch?v=rdOJZDWJkuk&t=80s,/m/0l14t7,audioset
Singing_bowl/rh_rFJsOmis,rh_rFJsOmis,Singing_bowl,340.0,350.0,https://www.youtube.com/watch?v=rh_rFJsOmis,https://www.youtube.com/watch?v=rh_rFJsOmis&t=340s,/m/0l14t7,audioset
Singing_bowl/wuR1Mo-rMbo,wuR1Mo-rMbo,Singing_bowl,30.0,40.0,https://www.youtube.com/watch?v=wuR1Mo-rMbo,https://www.youtube.com/watch?v=wuR1Mo-rMbo&t=30s,/m/0l14t7,audioset
Singing_bowl/yMT5jvXHTso,yMT5jvXHTso,Singing_bowl,30.0,40.0,https://www.youtube.com/watch?v=yMT5jvXHTso,https://www.youtube.com/watch?v=yMT5jvXHTso&t=30s,/m/0l14t7,audioset
Sneeze/cPgO0qGByu0,cPgO0qGByu0,Sneeze,10.0,20.0,https://www.youtube.com/watch?v=cPgO0qGByu0,https://www.youtube.com/watch?v=cPgO0qGByu0&t=10s,/m/01hsr_,audioset
Spray/XH02DflsQpI,XH02DflsQpI,Spray,30.0,40.0,https://www.youtube.com/watch?v=XH02DflsQpI,https://www.youtube.com/watch?v=XH02DflsQpI&t=30s,/m/07qlf79,audioset
Spray/XaWmopgtJGA,XaWmopgtJGA,Spray,30.0,40.0,https://www.youtube.com/watch?v=XaWmopgtJGA,https://www.youtube.com/watch?v=XaWmopgtJGA&t=30s,/m/07qlf79,audioset
Spray/kp2VoQKDuig,kp2VoQKDuig,Spray,30.0,40.0,https://www.youtube.com/watch?v=kp2VoQKDuig,https://www.youtube.com/watch?v=kp2VoQKDuig&t=30s,/m/07qlf79,audioset
Spray/qfZohdd7mqs,qfZohdd7mqs,Spray,30.0,40.0,https://www.youtube.com/watch?v=qfZohdd7mqs,https://www.youtube.com/watch?v=qfZohdd7mqs&t=30s,/m/07qlf79,audioset
Stir/qIijCwjUApQ,qIijCwjUApQ,Stir,110.0,120.0,https://www.youtube.com/watch?v=qIijCwjUApQ,https://www.youtube.com/watch?v=qIijCwjUApQ&t=110s,/m/07ptfmf,audioset
Theremin/7XQN9XDnRm4,7XQN9XDnRm4,Theremin,80.0,90.0,https://www.youtube.com/watch?v=7XQN9XDnRm4,https://www.youtube.com/watch?v=7XQN9XDnRm4&t=80s,"/m/04rlf,/m/04szw,/m/07kc_",audioset
Theremin/KXuB62SMFvA,KXuB62SMFvA,Theremin,30.0,40.0,https://www.youtube.com/watch?v=KXuB62SMFvA,https://www.youtube.com/watch?v=KXuB62SMFvA&t=30s,"/m/04rlf,/m/07kc_",audioset
Theremin/emP2Sg9QEg4,emP2Sg9QEg4,Theremin,90.0,100.0,https://www.youtube.com/watch?v=emP2Sg9QEg4,https://www.youtube.com/watch?v=emP2Sg9QEg4&t=90s,"/m/04rlf,/m/07kc_",audioset
Theremin/nIL_xrqjo1g,nIL_xrqjo1g,Theremin,30.0,40.0,https://www.youtube.com/watch?v=nIL_xrqjo1g,https://www.youtube.com/watch?v=nIL_xrqjo1g&t=30s,"/m/04rlf,/m/04szw,/m/07kc_",audioset
Theremin/w5qf9O6c20o,w5qf9O6c20o,Theremin,30.0,40.0,https://www.youtube.com/watch?v=w5qf9O6c20o,https://www.youtube.com/watch?v=w5qf9O6c20o&t=30s,"/m/04rlf,/m/07kc_",audioset
Tools/-Vt__PL1bgk,-Vt__PL1bgk,Tools,240.0,250.0,https://www.youtube.com/watch?v=-Vt__PL1bgk,https://www.youtube.com/watch?v=-Vt__PL1bgk&t=240s,/m/02p01q,audioset
Tools/-bZ4yrpTcjw,-bZ4yrpTcjw,Tools,440.0,450.0,https://www.youtube.com/watch?v=-bZ4yrpTcjw,https://www.youtube.com/watch?v=-bZ4yrpTcjw&t=440s,"/m/01d380,/m/07k1x,/m/0_ksk",audioset
Tools/03aJ_RcnBko,03aJ_RcnBko,Tools,550.0,560.0,https://www.youtube.com/watch?v=03aJ_RcnBko,https://www.youtube.com/watch?v=03aJ_RcnBko&t=550s,/m/03l9g,audioset
Tools/07AQUF6A_mg,07AQUF6A_mg,Tools,290.0,300.0,https://www.youtube.com/watch?v=07AQUF6A_mg,https://www.youtube.com/watch?v=07AQUF6A_mg&t=290s,/m/03l9g,audioset
Tools/0GNNFBrRz1E,0GNNFBrRz1E,Tools,40.0,50.0,https://www.youtube.com/watch?v=0GNNFBrRz1E,https://www.youtube.com/watch?v=0GNNFBrRz1E&t=40s,/m/03l9g,audioset
Tools/2Oyl4A561po,2Oyl4A561po,Tools,30.0,40.0,https://www.youtube.com/watch?v=2Oyl4A561po,https://www.youtube.com/watch?v=2Oyl4A561po&t=30s,"/m/01d380,/m/07k1x,/m/0_ksk",audioset
Tools/3CnwUQZ6q78,3CnwUQZ6q78,Tools,130.0,140.0,https://www.youtube.com/watch?v=3CnwUQZ6q78,https://www.youtube.com/watch?v=3CnwUQZ6q78&t=130s,/m/03l9g,audioset
Tools/3oxbegouR_A,3oxbegouR_A,Tools,30.0,40.0,https://www.youtube.com/watch?v=3oxbegouR_A,https://www.youtube.com/watch?v=3oxbegouR_A&t=30s,/m/023vsd,audioset
Tools/47M1MLCC2Uk,47M1MLCC2Uk,Tools,150.0,160.0,https://www.youtube.com/watch?v=47M1MLCC2Uk,https://www.youtube.com/watch?v=47M1MLCC2Uk&t=150s,/m/03p19w,audioset
Tools/4mHLCOzd2No,4mHLCOzd2No,Tools,20.0,30.0,https://www.youtube.com/watch?v=4mHLCOzd2No,https://www.youtube.com/watch?v=4mHLCOzd2No&t=20s,/m/03l9g,audioset
Tools/5etqUVLDcE4,5etqUVLDcE4,Tools,140.0,150.0,https://www.youtube.com/watch?v=5etqUVLDcE4,https://www.youtube.com/watch?v=5etqUVLDcE4&t=140s,/m/03l9g,audioset
Tools/71tRRtIO_8A,71tRRtIO_8A,Tools,310.0,320.0,https://www.youtube.com/watch?v=71tRRtIO_8A,https://www.youtube.com/watch?v=71tRRtIO_8A&t=310s,"/m/01d380,/m/07k1x,/m/0_ksk",audioset
Tools/7d_XQ3czVy4,7d_XQ3czVy4,Tools,480.0,490.0,https://www.youtube.com/watch?v=7d_XQ3czVy4,https://www.youtube.com/watch?v=7d_XQ3czVy4&t=480s,/m/03p19w,audioset
Tools/9CgH73HJLc8,9CgH73HJLc8,Tools,220.0,230.0,https://www.youtube.com/watch?v=9CgH73HJLc8,https://www.youtube.com/watch?v=9CgH73HJLc8&t=220s,/m/023vsd,audioset
Tools/ADRK_NkQ-eU,ADRK_NkQ-eU,Tools,420.0,430.0,https://www.youtube.com/watch?v=ADRK_NkQ-eU,https://www.youtube.com/watch?v=ADRK_NkQ-eU&t=420s,/m/03p19w,audioset
Tools/B5xjiQ0rfa8,B5xjiQ0rfa8,Tools,140.0,150.0,https://www.youtube.com/watch?v=B5xjiQ0rfa8,https://www.youtube.com/watch?v=B5xjiQ0rfa8&t=140s,"/m/01d380,/m/07k1x,/m/0_ksk",audioset
Tools/BxVy72ZZTiQ,BxVy72ZZTiQ,Tools,30.0,40.0,https://www.youtube.com/watch?v=BxVy72ZZTiQ,https://www.youtube.com/watch?v=BxVy72ZZTiQ&t=30s,"/m/01d380,/m/07k1x,/m/0_ksk",audioset
Tools/D5_NHUuDjtY,D5_NHUuDjtY,Tools,30.0,40.0,https://www.youtube.com/watch?v=D5_NHUuDjtY,https://www.youtube.com/watch?v=D5_NHUuDjtY&t=30s,"/m/03l9g,/m/07k1x",audioset
Tools/DHkK8sw3dd0,DHkK8sw3dd0,Tools,50.0,60.0,https://www.youtube.com/watch?v=DHkK8sw3dd0,https://www.youtube.com/watch?v=DHkK8sw3dd0&t=50s,/m/03l9g,audioset
Tools/DlOrSDvLv9Y,DlOrSDvLv9Y,Tools,240.0,250.0,https://www.youtube.com/watch?v=DlOrSDvLv9Y,https://www.youtube.com/watch?v=DlOrSDvLv9Y&t=240s,/m/08j51y,audioset
Tools/EEJsJg_h24c,EEJsJg_h24c,Tools,10.0,20.0,https://www.youtube.com/watch?v=EEJsJg_h24c,https://www.youtube.com/watch?v=EEJsJg_h24c&t=10s,/m/03l9g,audioset
Tools/FTzobxYogqM,FTzobxYogqM,Tools,400.0,410.0,https://www.youtube.com/watch?v=FTzobxYogqM,https://www.youtube.com/watch?v=FTzobxYogqM&t=400s,/m/03l9g,audioset
Tools/I9GGOApdHkc,I9GGOApdHkc,Tools,200.0,210.0,https://www.youtube.com/watch?v=I9GGOApdHkc,https://www.youtube.com/watch?v=I9GGOApdHkc&t=200s,"/m/01d380,/m/07k1x,/m/0_ksk",audioset
Tools/ISJmzf2ckCw,ISJmzf2ckCw,Tools,100.0,110.0,https://www.youtube.com/watch?v=ISJmzf2ckCw,https://www.youtube.com/watch?v=ISJmzf2ckCw&t=100s,"/m/01d380,/m/07k1x,/m/08j51y",audioset
Tools/IV3DTr7cP94,IV3DTr7cP94,Tools,70.0,80.0,https://www.youtube.com/watch?v=IV3DTr7cP94,https://www.youtube.com/watch?v=IV3DTr7cP94&t=70s,/m/03l9g,audioset
Tools/Ik7GbPEqljg,Ik7GbPEqljg,Tools,30.0,40.0,https://www.youtube.com/watch?v=Ik7GbPEqljg,https://www.youtube.com/watch?v=Ik7GbPEqljg&t=30s,"/m/03l9g,/m/07k1x",audioset
Tools/JUEoCx84wnM,JUEoCx84wnM,Tools,80.0,90.0,https://www.youtube.com/watch?v=JUEoCx84wnM,https://www.youtube.com/watch?v=JUEoCx84wnM&t=80s,"/m/01d380,/m/07k1x,/m/0_ksk",audioset
Tools/JdlcXBxy_VY,JdlcXBxy_VY,Tools,310.0,320.0,https://www.youtube.com/watch?v=JdlcXBxy_VY,https://www.youtube.com/watch?v=JdlcXBxy_VY&t=310s,"/m/01d380,/m/07k1x,/m/0_ksk",audioset
Tools/K9vZOI4Af_A,K9vZOI4Af_A,Tools,240.0,250.0,https://www.youtube.com/watch?v=K9vZOI4Af_A,https://www.youtube.com/watch?v=K9vZOI4Af_A&t=240s,/m/023vsd,audioset
Tools/KKD2rBPFG5s,KKD2rBPFG5s,Tools,70.0,80.0,https://www.youtube.com/watch?v=KKD2rBPFG5s,https://www.youtube.com/watch?v=KKD2rBPFG5s&t=70s,"/m/01d380,/m/07k1x,/m/0_ksk",audioset
Tools/KhO4QQ6GyUs,KhO4QQ6GyUs,Tools,40.0,50.0,https://www.youtube.com/watch?v=KhO4QQ6GyUs,https://www.youtube.com/watch?v=KhO4QQ6GyUs&t=40s,/m/03l9g,audioset
Tools/NePge9UlIzw,NePge9UlIzw,Tools,390.0,400.0,https://www.youtube.com/watch?v=NePge9UlIzw,https://www.youtube.com/watch?v=NePge9UlIzw&t=390s,"/m/01d380,/m/07k1x,/m/0_ksk",audioset
Tools/OfefVMM5L44,OfefVMM5L44,Tools,290.0,300.0,https://www.youtube.com/watch?v=OfefVMM5L44,https://www.youtube.com/watch?v=OfefVMM5L44&t=290s,/m/03l9g,audioset
Tools/PEWkAIWXaqA,PEWkAIWXaqA,Tools,490.0,500.0,https://www.youtube.com/watch?v=PEWkAIWXaqA,https://www.youtube.com/watch?v=PEWkAIWXaqA&t=490s,"/m/01d380,/m/07k1x,/m/0_ksk",audioset
Tools/PnF2Uh4oFfg,PnF2Uh4oFfg,Tools,570.0,580.0,https://www.youtube.com/watch?v=PnF2Uh4oFfg,https://www.youtube.com/watch?v=PnF2Uh4oFfg&t=570s,"/m/01d380,/m/07k1x,/m/0_ksk",audioset
Tools/QKQSD89OXbY,QKQSD89OXbY,Tools,30.0,40.0,https://www.youtube.com/watch?v=QKQSD89OXbY,https://www.youtube.com/watch?v=QKQSD89OXbY&t=30s,"/m/01d380,/m/07k1x,/m/0_ksk",audioset
Tools/R29WrfRJBxM,R29WrfRJBxM,Tools,70.0,80.0,https://www.youtube.com/watch?v=R29WrfRJBxM,https://www.youtube.com/watch?v=R29WrfRJBxM&t=70s,"/m/01d380,/m/07k1x,/m/0_ksk",audioset
Tools/RXH9nCtGyWM,RXH9nCtGyWM,Tools,80.0,90.0,https://www.youtube.com/watch?v=RXH9nCtGyWM,https://www.youtube.com/watch?v=RXH9nCtGyWM&t=80s,/m/08j51y,audioset
Tools/ShcyfLSHa1Y,ShcyfLSHa1Y,Tools,60.0,70.0,https://www.youtube.com/watch?v=ShcyfLSHa1Y,https://www.youtube.com/watch?v=ShcyfLSHa1Y&t=60s,/m/03l9g,audioset
Tools/VnhMF4NHcug,VnhMF4NHcug,Tools,20.0,30.0,https://www.youtube.com/watch?v=VnhMF4NHcug,https://www.youtube.com/watch?v=VnhMF4NHcug&t=20s,/m/03l9g,audioset
Tools/WWd90nebjBk,WWd90nebjBk,Tools,220.0,230.0,https://www.youtube.com/watch?v=WWd90nebjBk,https://www.youtube.com/watch?v=WWd90nebjBk&t=220s,"/m/01d380,/m/07k1x,/m/0_ksk",audioset
Tools/cEV1gluwcUM,cEV1gluwcUM,Tools,290.0,300.0,https://www.youtube.com/watch?v=cEV1gluwcUM,https://www.youtube.com/watch?v=cEV1gluwcUM&t=290s,"/m/01d380,/m/07k1x,/m/0_ksk",audioset
Tools/d5fL-jgNVsM,d5fL-jgNVsM,Tools,40.0,50.0,https://www.youtube.com/watch?v=d5fL-jgNVsM,https://www.youtube.com/watch?v=d5fL-jgNVsM&t=40s,"/m/01d380,/m/07k1x,/m/0_ksk",audioset
Tools/dGJl-IWLe-8,dGJl-IWLe-8,Tools,12.0,22.0,https://www.youtube.com/watch?v=dGJl-IWLe-8,https://www.youtube.com/watch?v=dGJl-IWLe-8&t=12s,/m/03p19w,audioset
Tools/ex-HO10fEpo,ex-HO10fEpo,Tools,20.0,30.0,https://www.youtube.com/watch?v=ex-HO10fEpo,https://www.youtube.com/watch?v=ex-HO10fEpo&t=20s,/m/03p19w,audioset
Tools/fCr0jToaMs4,fCr0jToaMs4,Tools,10.0,20.0,https://www.youtube.com/watch?v=fCr0jToaMs4,https://www.youtube.com/watch?v=fCr0jToaMs4&t=10s,/m/03p19w,audioset
Tools/gqqM-tpyHRs,gqqM-tpyHRs,Tools,250.0,260.0,https://www.youtube.com/watch?v=gqqM-tpyHRs,https://www.youtube.com/watch?v=gqqM-tpyHRs&t=250s,"/m/01d380,/m/07k1x,/m/0_ksk",audioset
Tools/i-_ttrH_8aM,i-_ttrH_8aM,Tools,50.0,60.0,https://www.youtube.com/watch?v=i-_ttrH_8aM,https://www.youtube.com/watch?v=i-_ttrH_8aM&t=50s,"/m/01d380,/m/07k1x,/m/0_ksk",audioset
Tools/iQnzlK9YsL8,iQnzlK9YsL8,Tools,420.0,430.0,https://www.youtube.com/watch?v=iQnzlK9YsL8,https://www.youtube.com/watch?v=iQnzlK9YsL8&t=420s,/m/03l9g,audioset
Tools/mr0OGgKOAkE,mr0OGgKOAkE,Tools,430.0,440.0,https://www.youtube.com/watch?v=mr0OGgKOAkE,https://www.youtube.com/watch?v=mr0OGgKOAkE&t=430s,"/m/01d380,/m/07k1x,/m/0_ksk",audioset
Tools/nv6nLJOeAEs,nv6nLJOeAEs,Tools,320.0,330.0,https://www.youtube.com/watch?v=nv6nLJOeAEs,https://www.youtube.com/watch?v=nv6nLJOeAEs&t=320s,"/m/01d380,/m/07k1x,/m/0_ksk",audioset
Tools/oMk8RceCCu4,oMk8RceCCu4,Tools,40.0,50.0,https://www.youtube.com/watch?v=oMk8RceCCu4,https://www.youtube.com/watch?v=oMk8RceCCu4&t=40s,/m/03l9g,audioset
Tools/p2Rh3eEcrkk,p2Rh3eEcrkk,Tools,210.0,220.0,https://www.youtube.com/watch?v=p2Rh3eEcrkk,https://www.youtube.com/watch?v=p2Rh3eEcrkk&t=210s,"/m/01d380,/m/07k1x,/m/0_ksk",audioset
Tools/pCiMitLk5GI,pCiMitLk5GI,Tools,370.0,380.0,https://www.youtube.com/watch?v=pCiMitLk5GI,https://www.youtube.com/watch?v=pCiMitLk5GI&t=370s,/m/03l9g,audioset
Tools/r-UKFOzrgLk,r-UKFOzrgLk,Tools,60.0,70.0,https://www.youtube.com/watch?v=r-UKFOzrgLk,https://www.youtube.com/watch?v=r-UKFOzrgLk&t=60s,/m/03l9g,audioset
Tools/rfYZ1V8oa7k,rfYZ1V8oa7k,Tools,240.0,250.0,https://www.youtube.com/watch?v=rfYZ1V8oa7k,https://www.youtube.com/watch?v=rfYZ1V8oa7k&t=240s,/m/03p19w,audioset
Tools/roSIu6Lz3DI,roSIu6Lz3DI,Tools,380.0,390.0,https://www.youtube.com/watch?v=roSIu6Lz3DI,https://www.youtube.com/watch?v=roSIu6Lz3DI&t=380s,/m/08j51y,audioset
Tools/s4lWqr6El9Y,s4lWqr6El9Y,Tools,180.0,190.0,https://www.youtube.com/watch?v=s4lWqr6El9Y,https://www.youtube.com/watch?v=s4lWqr6El9Y&t=180s,/m/03l9g,audioset
Tools/tTjKk6WjbBI,tTjKk6WjbBI,Tools,100.0,110.0,https://www.youtube.com/watch?v=tTjKk6WjbBI,https://www.youtube.com/watch?v=tTjKk6WjbBI&t=100s,/m/03p19w,audioset
Tools/teUGq0IRehg,teUGq0IRehg,Tools,250.0,260.0,https://www.youtube.com/watch?v=teUGq0IRehg,https://www.youtube.com/watch?v=teUGq0IRehg&t=250s,"/m/01d380,/m/07k1x,/m/0_ksk",audioset
Tools/tfMC-N8vX54,tfMC-N8vX54,Tools,490.0,500.0,https://www.youtube.com/watch?v=tfMC-N8vX54,https://www.youtube.com/watch?v=tfMC-N8vX54&t=490s,/m/03l9g,audioset
Tools/vYTbV-TAxU8,vYTbV-TAxU8,Tools,440.0,450.0,https://www.youtube.com/watch?v=vYTbV-TAxU8,https://www.youtube.com/watch?v=vYTbV-TAxU8&t=440s,/m/03l9g,audioset
Tools/wOpPsqugPfI,wOpPsqugPfI,Tools,150.0,160.0,https://www.youtube.com/watch?v=wOpPsqugPfI,https://www.youtube.com/watch?v=wOpPsqugPfI&t=150s,"/m/01d380,/m/07k1x,/m/0_ksk",audioset
Tools/wRKCb1rOGT8,wRKCb1rOGT8,Tools,40.0,50.0,https://www.youtube.com/watch?v=wRKCb1rOGT8,https://www.youtube.com/watch?v=wRKCb1rOGT8&t=40s,/m/03p19w,audioset
Tools/whTmAkw51GU,whTmAkw51GU,Tools,30.0,40.0,https://www.youtube.com/watch?v=whTmAkw51GU,https://www.youtube.com/watch?v=whTmAkw51GU&t=30s,/m/01b82r,audioset
Tools/xA0y3ZUBdj0,xA0y3ZUBdj0,Tools,590.0,600.0,https://www.youtube.com/watch?v=xA0y3ZUBdj0,https://www.youtube.com/watch?v=xA0y3ZUBdj0&t=590s,/m/023vsd,audioset
Tools/xN9WTJywZDc,xN9WTJywZDc,Tools,140.0,150.0,https://www.youtube.com/watch?v=xN9WTJywZDc,https://www.youtube.com/watch?v=xN9WTJywZDc&t=140s,"/m/01d380,/m/07k1x,/m/0_ksk",audioset
Typing/24tWz7gmngI,24tWz7gmngI,Typing,30.0,40.0,https://www.youtube.com/watch?v=24tWz7gmngI,https://www.youtube.com/watch?v=24tWz7gmngI&t=30s,"/m/01m2v,/m/0316dw",audioset
Typing/4O-dYCrVKLY,4O-dYCrVKLY,Typing,30.0,40.0,https://www.youtube.com/watch?v=4O-dYCrVKLY,https://www.youtube.com/watch?v=4O-dYCrVKLY&t=30s,"/m/01m2v,/m/0316dw",audioset
Typing/BbVoVbQHoXo,BbVoVbQHoXo,Typing,30.0,40.0,https://www.youtube.com/watch?v=BbVoVbQHoXo,https://www.youtube.com/watch?v=BbVoVbQHoXo&t=30s,/m/0c2wf,audioset
Typing/CRdma6NINIw,CRdma6NINIw,Typing,30.0,40.0,https://www.youtube.com/watch?v=CRdma6NINIw,https://www.youtube.com/watch?v=CRdma6NINIw&t=30s,/m/0c2wf,audioset
Typing/MQtUV_cFcm8,MQtUV_cFcm8,Typing,20.0,30.0,https://www.youtube.com/watch?v=MQtUV_cFcm8,https://www.youtube.com/watch?v=MQtUV_cFcm8&t=20s,"/m/01m2v,/m/0316dw",audioset
Typing/PuvTDLP8lwM,PuvTDLP8lwM,Typing,30.0,40.0,https://www.youtube.com/watch?v=PuvTDLP8lwM,https://www.youtube.com/watch?v=PuvTDLP8lwM&t=30s,"/m/01m2v,/m/0316dw",audioset
Typing/hizN7823a6c,hizN7823a6c,Typing,30.0,40.0,https://www.youtube.com/watch?v=hizN7823a6c,https://www.youtube.com/watch?v=hizN7823a6c&t=30s,/m/0c2wf,audioset
Typing/jWqqtybjzXE,jWqqtybjzXE,Typing,30.0,40.0,https://www.youtube.com/watch?v=jWqqtybjzXE,https://www.youtube.com/watch?v=jWqqtybjzXE&t=30s,/m/0c2wf,audioset
Typing/jaK5VEN7fKY,jaK5VEN7fKY,Typing,30.0,40.0,https://www.youtube.com/watch?v=jaK5VEN7fKY,https://www.youtube.com/watch?v=jaK5VEN7fKY&t=30s,/m/0c2wf,audioset
Typing/kLySMIzASNE,kLySMIzASNE,Typing,30.0,40.0,https://www.youtube.com/watch?v=kLySMIzASNE,https://www.youtube.com/watch?v=kLySMIzASNE&t=30s,/m/0c2wf,audioset
Typing/la7j5SPrfmk,la7j5SPrfmk,Typing,30.0,40.0,https://www.youtube.com/watch?v=la7j5SPrfmk,https://www.youtube.com/watch?v=la7j5SPrfmk&t=30s,/m/0316dw,audioset
Typing/n3t92d8Xgp8,n3t92d8Xgp8,Typing,20.0,30.0,https://www.youtube.com/watch?v=n3t92d8Xgp8,https://www.youtube.com/watch?v=n3t92d8Xgp8&t=20s,/m/0c2wf,audioset
Typing/rTh92nlG9io,rTh92nlG9io,Typing,30.0,40.0,https://www.youtube.com/watch?v=rTh92nlG9io,https://www.youtube.com/watch?v=rTh92nlG9io&t=30s,"/m/01m2v,/m/0316dw,/m/0c2wf",audioset
Typing/z2-3fMOOexU,z2-3fMOOexU,Typing,30.0,40.0,https://www.youtube.com/watch?v=z2-3fMOOexU,https://www.youtube.com/watch?v=z2-3fMOOexU&t=30s,"/m/01m2v,/m/0316dw,/m/0c2wf",audioset
Utility_Liquid_Sounds/IF5WORhyXj4,IF5WORhyXj4,Utility_Liquid_Sounds,280.0,290.0,https://www.youtube.com/watch?v=IF5WORhyXj4,https://www.youtube.com/watch?v=IF5WORhyXj4&t=280s,/t/dd00088,audioset
Utility_Liquid_Sounds/IPQmmACnIzY,IPQmmACnIzY,Utility_Liquid_Sounds,150.0,160.0,https://www.youtube.com/watch?v=IPQmmACnIzY,https://www.youtube.com/watch?v=IPQmmACnIzY&t=150s,"/m/07prgkl,/m/07r5v4s",audioset
Utility_Liquid_Sounds/X0_IyvEzT2A,X0_IyvEzT2A,Utility_Liquid_Sounds,0.0,9.0,https://www.youtube.com/watch?v=X0_IyvEzT2A,https://www.youtube.com/watch?v=X0_IyvEzT2A&t=0s,"/m/04k94,/m/07p7b8y",audioset
Vehicle/-47nPCeukVc,-47nPCeukVc,Vehicle,1.0,11.0,https://www.youtube.com/watch?v=-47nPCeukVc,https://www.youtube.com/watch?v=-47nPCeukVc&t=1s,"/m/07yv9,/m/0gvgw0",audioset
Vehicle/-7eDqv-6AKQ,-7eDqv-6AKQ,Vehicle,30.0,40.0,https://www.youtube.com/watch?v=-7eDqv-6AKQ,https://www.youtube.com/watch?v=-7eDqv-6AKQ&t=30s,"/m/07yv9,/m/0gvgw0,/m/0k4j",audioset
Vehicle/-HAoExLVs6Q,-HAoExLVs6Q,Vehicle,380.0,390.0,https://www.youtube.com/watch?v=-HAoExLVs6Q,https://www.youtube.com/watch?v=-HAoExLVs6Q&t=380s,"/m/01g50p,/m/06d_3,/m/07jdr,/t/dd00048",audioset
Vehicle/-ct58kOlLfs,-ct58kOlLfs,Vehicle,30.0,40.0,https://www.youtube.com/watch?v=-ct58kOlLfs,https://www.youtube.com/watch?v=-ct58kOlLfs&t=30s,"/m/019jd,/m/02rlv9",audioset
Vehicle/-fJsZm3YRc0,-fJsZm3YRc0,Vehicle,30.0,40.0,https://www.youtube.com/watch?v=-fJsZm3YRc0,https://www.youtube.com/watch?v=-fJsZm3YRc0&t=30s,"/m/02rhddq,/m/07r04,/m/0gvgw0",audioset
Vehicle/-fTfRh0_RQ4,-fTfRh0_RQ4,Vehicle,30.0,40.0,https://www.youtube.com/watch?v=-fTfRh0_RQ4,https://www.youtube.com/watch?v=-fTfRh0_RQ4&t=30s,/t/dd00134,audioset
Vehicle/-ocADGlyaHc,-ocADGlyaHc,Vehicle,30.0,40.0,https://www.youtube.com/watch?v=-ocADGlyaHc,https://www.youtube.com/watch?v=-ocADGlyaHc&t=30s,"/m/07yv9,/m/09ct_,/m/0k5j",audioset
Vehicle/-zNEcuo28oE,-zNEcuo28oE,Vehicle,30.0,40.0,https://www.youtube.com/watch?v=-zNEcuo28oE,https://www.youtube.com/watch?v=-zNEcuo28oE&t=30s,"/m/02rhddq,/m/07r04,/m/07yv9",audioset
Vehicle/0rNQE7fccQg,0rNQE7fccQg,Vehicle,30.0,40.0,https://www.youtube.com/watch?v=0rNQE7fccQg,https://www.youtube.com/watch?v=0rNQE7fccQg&t=30s,"/m/07yv9,/m/0gvgw0",audioset
Vehicle/0toUq9UHCSA,0toUq9UHCSA,Vehicle,30.0,40.0,https://www.youtube.com/watch?v=0toUq9UHCSA,https://www.youtube.com/watch?v=0toUq9UHCSA&t=30s,"/m/02l6bg,/m/07yv9",audioset
Vehicle/12C-RCb6UFw,12C-RCb6UFw,Vehicle,430.0,440.0,https://www.youtube.com/watch?v=12C-RCb6UFw,https://www.youtube.com/watch?v=12C-RCb6UFw&t=430s,"/m/0195fx,/t/dd00048",audioset
Vehicle/1ED_uNM-KfE,1ED_uNM-KfE,Vehicle,30.0,40.0,https://www.youtube.com/watch?v=1ED_uNM-KfE,https://www.youtube.com/watch?v=1ED_uNM-KfE&t=30s,/m/04zmvq,audioset
Vehicle/1F3_bvIT0ig,1F3_bvIT0ig,Vehicle,0.0,9.0,https://www.youtube.com/watch?v=1F3_bvIT0ig,https://www.youtube.com/watch?v=1F3_bvIT0ig&t=0s,/t/dd00134,audioset
Vehicle/1dyFP4MGkIM,1dyFP4MGkIM,Vehicle,30.0,40.0,https://www.youtube.com/watch?v=1dyFP4MGkIM,https://www.youtube.com/watch?v=1dyFP4MGkIM&t=30s,"/m/012f08,/m/07rknqz,/m/07yv9,/m/0k4j",audioset
Vehicle/1hJnxzlxnQs,1hJnxzlxnQs,Vehicle,30.0,40.0,https://www.youtube.com/watch?v=1hJnxzlxnQs,https://www.youtube.com/watch?v=1hJnxzlxnQs&t=30s,/t/dd00134,audioset
Vehicle/1woaZGPrY9g,1woaZGPrY9g,Vehicle,2.0,12.0,https://www.youtube.com/watch?v=1woaZGPrY9g,https://www.youtube.com/watch?v=1woaZGPrY9g&t=2s,/t/dd00134,audioset
Vehicle/2HZcxlRs-hg,2HZcxlRs-hg,Vehicle,30.0,40.0,https://www.youtube.com/watch?v=2HZcxlRs-hg,https://www.youtube.com/watch?v=2HZcxlRs-hg&t=30s,"/m/02rhddq,/m/07r04,/m/07yv9",audioset
Vehicle/2mkJkrFeqjc,2mkJkrFeqjc,Vehicle,30.0,40.0,https://www.youtube.com/watch?v=2mkJkrFeqjc,https://www.youtube.com/watch?v=2mkJkrFeqjc&t=30s,"/m/019jd,/m/06q74,/m/0hsrw",audioset
Vehicle/2pt7WZBYeeI,2pt7WZBYeeI,Vehicle,30.0,40.0,https://www.youtube.com/watch?v=2pt7WZBYeeI,https://www.youtube.com/watch?v=2pt7WZBYeeI&t=30s,"/m/0195fx,/m/01g50p,/m/0284vy3,/m/06d_3,/m/07jdr",audioset
Vehicle/2vvtR9Xwzp0,2vvtR9Xwzp0,Vehicle,40.0,50.0,https://www.youtube.com/watch?v=2vvtR9Xwzp0,https://www.youtube.com/watch?v=2vvtR9Xwzp0&t=40s,"/m/014yck,/m/07yv9,/m/0cmf2,/m/0k5j",audioset
Vehicle/302w8uJn_zE,302w8uJn_zE,Vehicle,30.0,40.0,https://www.youtube.com/watch?v=302w8uJn_zE,https://www.youtube.com/watch?v=302w8uJn_zE&t=30s,"/m/019jd,/m/02rlv9,/m/06q74",audioset
Vehicle/3LLKsRSkAbE,3LLKsRSkAbE,Vehicle,110.0,120.0,https://www.youtube.com/watch?v=3LLKsRSkAbE,https://www.youtube.com/watch?v=3LLKsRSkAbE&t=110s,"/m/0195fx,/m/01g50p,/m/06d_3,/m/07jdr",audioset
Vehicle/3mkiTkMVemM,3mkiTkMVemM,Vehicle,30.0,40.0,https://www.youtube.com/watch?v=3mkiTkMVemM,https://www.youtube.com/watch?v=3mkiTkMVemM&t=30s,"/m/019jd,/m/02rlv9,/m/06q74",audioset
Vehicle/3mtdpXbogzk,3mtdpXbogzk,Vehicle,180.0,190.0,https://www.youtube.com/watch?v=3mtdpXbogzk,https://www.youtube.com/watch?v=3mtdpXbogzk&t=180s,"/m/019jd,/m/02rlv9",audioset
Vehicle/3unaemuTuGY,3unaemuTuGY,Vehicle,30.0,40.0,https://www.youtube.com/watch?v=3unaemuTuGY,https://www.youtube.com/watch?v=3unaemuTuGY&t=30s,"/m/019jd,/m/06q74",audioset
Vehicle/4-DcTjFR4qw,4-DcTjFR4qw,Vehicle,100.0,110.0,https://www.youtube.com/watch?v=4-DcTjFR4qw,https://www.youtube.com/watch?v=4-DcTjFR4qw&t=100s,/t/dd00134,audioset
Vehicle/42P93B_GzGA,42P93B_GzGA,Vehicle,30.0,40.0,https://www.youtube.com/watch?v=42P93B_GzGA,https://www.youtube.com/watch?v=42P93B_GzGA&t=30s,"/m/07yv9,/m/0gvgw0,/m/0k4j",audioset
Vehicle/4DlKNmVcoek,4DlKNmVcoek,Vehicle,20.0,30.0,https://www.youtube.com/watch?v=4DlKNmVcoek,https://www.youtube.com/watch?v=4DlKNmVcoek&t=20s,"/m/07r04,/m/0gvgw0",audioset
Vehicle/4GclkzsR830,4GclkzsR830,Vehicle,30.0,40.0,https://www.youtube.com/watch?v=4GclkzsR830,https://www.youtube.com/watch?v=4GclkzsR830&t=30s,/t/dd00134,audioset
Vehicle/4Tpy1lsfcSM,4Tpy1lsfcSM,Vehicle,30.0,40.0,https://www.youtube.com/watch?v=4Tpy1lsfcSM,https://www.youtube.com/watch?v=4Tpy1lsfcSM&t=30s,"/m/02rhddq,/m/07r04,/m/07yv9",audioset
Vehicle/4kwKERY7wiQ,4kwKERY7wiQ,Vehicle,390.0,400.0,https://www.youtube.com/watch?v=4kwKERY7wiQ,https://www.youtube.com/watch?v=4kwKERY7wiQ&t=390s,/m/04zmvq,audioset
Vehicle/4v5EzR3qeW0,4v5EzR3qeW0,Vehicle,40.0,50.0,https://www.youtube.com/watch?v=4v5EzR3qeW0,https://www.youtube.com/watch?v=4v5EzR3qeW0&t=40s,"/m/014yck,/m/07yv9,/m/0cmf2",audioset
Vehicle/566i3rpolg8,566i3rpolg8,Vehicle,150.0,160.0,https://www.youtube.com/watch?v=566i3rpolg8,https://www.youtube.com/watch?v=566i3rpolg8&t=150s,"/m/019jd,/m/02rlv9",audioset
Vehicle/5DjZHCumLfs,5DjZHCumLfs,Vehicle,11.0,21.0,https://www.youtube.com/watch?v=5DjZHCumLfs,https://www.youtube.com/watch?v=5DjZHCumLfs&t=11s,"/m/02rhddq,/m/07r04,/m/07yv9",audioset
Vehicle/5V0xKS-FGMk,5V0xKS-FGMk,Vehicle,30.0,40.0,https://www.youtube.com/watch?v=5V0xKS-FGMk,https://www.youtube.com/watch?v=5V0xKS-FGMk&t=30s,"/m/02rhddq,/m/07r04,/m/07yv9",audioset
Vehicle/5jpljP-cYyA,5jpljP-cYyA,Vehicle,410.0,420.0,https://www.youtube.com/watch?v=5jpljP-cYyA,https://www.youtube.com/watch?v=5jpljP-cYyA&t=410s,"/m/0195fx,/m/01g50p,/m/06d_3,/m/07jdr,/t/dd00048",audioset
Vehicle/5kDbwE7mFck,5kDbwE7mFck,Vehicle,30.0,40.0,https://www.youtube.com/watch?v=5kDbwE7mFck,https://www.youtube.com/watch?v=5kDbwE7mFck&t=30s,"/m/019jd,/m/06q74",audioset
Vehicle/6HL_DKWK-WA,6HL_DKWK-WA,Vehicle,10.0,20.0,https://www.youtube.com/watch?v=6HL_DKWK-WA,https://www.youtube.com/watch?v=6HL_DKWK-WA&t=10s,"/m/07r04,/m/07yv9,/m/0gvgw0",audioset
Vehicle/6VQGk8IrV-4,6VQGk8IrV-4,Vehicle,30.0,40.0,https://www.youtube.com/watch?v=6VQGk8IrV-4,https://www.youtube.com/watch?v=6VQGk8IrV-4&t=30s,"/m/07r04,/m/07yv9,/m/0gvgw0",audioset
Vehicle/6_NEAEGeFIw,6_NEAEGeFIw,Vehicle,30.0,40.0,https://www.youtube.com/watch?v=6_NEAEGeFIw,https://www.youtube.com/watch?v=6_NEAEGeFIw&t=30s,"/m/07yv9,/m/09ct_",audioset
Vehicle/6dFyXSkUu14,6dFyXSkUu14,Vehicle,0.0,9.0,https://www.youtube.com/watch?v=6dFyXSkUu14,https://www.youtube.com/watch?v=6dFyXSkUu14&t=0s,/t/dd00134,audioset
Vehicle/7-V8cMwkXTk,7-V8cMwkXTk,Vehicle,30.0,40.0,https://www.youtube.com/watch?v=7-V8cMwkXTk,https://www.youtube.com/watch?v=7-V8cMwkXTk&t=30s,"/m/019jd,/m/02rlv9",audioset
Vehicle/7Gua0-UrKIw,7Gua0-UrKIw,Vehicle,30.0,40.0,https://www.youtube.com/watch?v=7Gua0-UrKIw,https://www.youtube.com/watch?v=7Gua0-UrKIw&t=30s,"/m/02rhddq,/m/07r04,/m/07yv9",audioset
Vehicle/7S88FsFE5EE,7S88FsFE5EE,Vehicle,30.0,40.0,https://www.youtube.com/watch?v=7S88FsFE5EE,https://www.youtube.com/watch?v=7S88FsFE5EE&t=30s,"/m/04229,/m/0k5j",audioset
Vehicle/7nglQSmcjAk,7nglQSmcjAk,Vehicle,30.0,40.0,https://www.youtube.com/watch?v=7nglQSmcjAk,https://www.youtube.com/watch?v=7nglQSmcjAk&t=30s,"/m/02rhddq,/m/07r04,/m/07yv9",audioset
Vehicle/8oEdgb8iXYA,8oEdgb8iXYA,Vehicle,1.0,11.0,https://www.youtube.com/watch?v=8oEdgb8iXYA,https://www.youtube.com/watch?v=8oEdgb8iXYA&t=1s,"/m/01bjv,/m/07yv9",audioset
Vehicle/8rmoYAfr0t8,8rmoYAfr0t8,Vehicle,10.0,20.0,https://www.youtube.com/watch?v=8rmoYAfr0t8,https://www.youtube.com/watch?v=8rmoYAfr0t8&t=10s,/t/dd00134,audioset
Vehicle/9FDzG0xNp5s,9FDzG0xNp5s,Vehicle,150.0,160.0,https://www.youtube.com/watch?v=9FDzG0xNp5s,https://www.youtube.com/watch?v=9FDzG0xNp5s&t=150s,"/m/0195fx,/m/01g50p,/m/06d_3,/m/07jdr,/t/dd00048",audioset
Vehicle/9OcAwC8y-eQ,9OcAwC8y-eQ,Vehicle,30.0,40.0,https://www.youtube.com/watch?v=9OcAwC8y-eQ,https://www.youtube.com/watch?v=9OcAwC8y-eQ&t=30s,"/m/02rhddq,/m/07yv9",audioset
Vehicle/9nsLTLNvOSw,9nsLTLNvOSw,Vehicle,150.0,160.0,https://www.youtube.com/watch?v=9nsLTLNvOSw,https://www.youtube.com/watch?v=9nsLTLNvOSw&t=150s,"/m/02l6bg,/m/07yv9,/m/09ct_",audioset
Vehicle/9oeGmqm6g8E,9oeGmqm6g8E,Vehicle,80.0,90.0,https://www.youtube.com/watch?v=9oeGmqm6g8E,https://www.youtube.com/watch?v=9oeGmqm6g8E&t=80s,"/m/01g50p,/m/0284vy3,/m/06d_3,/m/07jdr",audioset
Vehicle/9uTzThSwQ80,9uTzThSwQ80,Vehicle,580.0,590.0,https://www.youtube.com/watch?v=9uTzThSwQ80,https://www.youtube.com/watch?v=9uTzThSwQ80&t=580s,"/m/01g50p,/m/06d_3,/m/07jdr,/t/dd00048",audioset
Vehicle/9w9j2IPMtu8,9w9j2IPMtu8,Vehicle,270.0,280.0,https://www.youtube.com/watch?v=9w9j2IPMtu8,https://www.youtube.com/watch?v=9w9j2IPMtu8&t=270s,"/m/019jd,/m/06q74",audioset
Vehicle/9zK9Bl58kRk,9zK9Bl58kRk,Vehicle,0.0,10.0,https://www.youtube.com/watch?v=9zK9Bl58kRk,https://www.youtube.com/watch?v=9zK9Bl58kRk&t=0s,/m/02l6bg,audioset
Vehicle/A68tYY9AA9Q,A68tYY9AA9Q,Vehicle,30.0,40.0,https://www.youtube.com/watch?v=A68tYY9AA9Q,https://www.youtube.com/watch?v=A68tYY9AA9Q&t=30s,"/m/02l6bg,/m/07yv9,/m/09ct_,/m/0cmf2,/m/0k5j",audioset
Vehicle/A7DQjMwCtI8,A7DQjMwCtI8,Vehicle,270.0,280.0,https://www.youtube.com/watch?v=A7DQjMwCtI8,https://www.youtube.com/watch?v=A7DQjMwCtI8&t=270s,/t/dd00134,audioset
Vehicle/AcJXSEfGGcI,AcJXSEfGGcI,Vehicle,30.0,40.0,https://www.youtube.com/watch?v=AcJXSEfGGcI,https://www.youtube.com/watch?v=AcJXSEfGGcI&t=30s,"/m/07yv9,/m/09ct_,/m/0k5j",audioset
Vehicle/Atrj65qRrBo,Atrj65qRrBo,Vehicle,200.0,210.0,https://www.youtube.com/watch?v=Atrj65qRrBo,https://www.youtube.com/watch?v=Atrj65qRrBo&t=200s,"/m/01g50p,/m/0284vy3,/m/06d_3,/m/07jdr,/t/dd00048",audioset
Vehicle/BLEthZXy35s,BLEthZXy35s,Vehicle,250.0,260.0,https://www.youtube.com/watch?v=BLEthZXy35s,https://www.youtube.com/watch?v=BLEthZXy35s&t=250s,"/m/01g50p,/m/0284vy3,/m/06d_3,/m/07jdr",audioset
Vehicle/BNrmXcZQ-p4,BNrmXcZQ-p4,Vehicle,30.0,40.0,https://www.youtube.com/watch?v=BNrmXcZQ-p4,https://www.youtube.com/watch?v=BNrmXcZQ-p4&t=30s,"/m/07yv9,/m/09ct_,/m/0k5j",audioset
Vehicle/Bf2m1sXaXk4,Bf2m1sXaXk4,Vehicle,10.0,20.0,https://www.youtube.com/watch?v=Bf2m1sXaXk4,https://www.youtube.com/watch?v=Bf2m1sXaXk4&t=10s,"/m/01g50p,/m/0284vy3,/m/06d_3,/m/07jdr",audioset
Vehicle/CCX_4cW_SAU,CCX_4cW_SAU,Vehicle,0.0,10.0,https://www.youtube.com/watch?v=CCX_4cW_SAU,https://www.youtube.com/watch?v=CCX_4cW_SAU&t=0s,"/m/0195fx,/m/01g50p,/m/06d_3,/m/07jdr",audioset
Vehicle/CL5vkiMs2c0,CL5vkiMs2c0,Vehicle,10.0,20.0,https://www.youtube.com/watch?v=CL5vkiMs2c0,https://www.youtube.com/watch?v=CL5vkiMs2c0&t=10s,/m/02rhddq,audioset
Vehicle/C_pnsyNXphA,C_pnsyNXphA,Vehicle,30.0,40.0,https://www.youtube.com/watch?v=C_pnsyNXphA,https://www.youtube.com/watch?v=C_pnsyNXphA&t=30s,"/m/07yv9,/m/0gvgw0,/m/0k4j,/m/0ltv",audioset
Vehicle/DYdalOQnx1Y,DYdalOQnx1Y,Vehicle,30.0,40.0,https://www.youtube.com/watch?v=DYdalOQnx1Y,https://www.youtube.com/watch?v=DYdalOQnx1Y&t=30s,"/m/01bjv,/m/07yv9",audioset
Vehicle/DcU6AzN7imA,DcU6AzN7imA,Vehicle,210.0,220.0,https://www.youtube.com/watch?v=DcU6AzN7imA,https://www.youtube.com/watch?v=DcU6AzN7imA&t=210s,"/m/02rhddq,/m/07yv9",audioset
Vehicle/ELmcymPeitI,ELmcymPeitI,Vehicle,30.0,40.0,https://www.youtube.com/watch?v=ELmcymPeitI,https://www.youtube.com/watch?v=ELmcymPeitI&t=30s,/t/dd00134,audioset
Vehicle/EfpGZ55vTVo,EfpGZ55vTVo,Vehicle,30.0,40.0,https://www.youtube.com/watch?v=EfpGZ55vTVo,https://www.youtube.com/watch?v=EfpGZ55vTVo&t=30s,"/m/019jd,/m/02rlv9",audioset
Vehicle/Ey6ulciy5hs,Ey6ulciy5hs,Vehicle,20.0,30.0,https://www.youtube.com/watch?v=Ey6ulciy5hs,https://www.youtube.com/watch?v=Ey6ulciy5hs&t=20s,"/m/012f08,/m/0h9mv,/m/0ltv",audioset
Vehicle/FEoMTMxzn3U,FEoMTMxzn3U,Vehicle,30.0,40.0,https://www.youtube.com/watch?v=FEoMTMxzn3U,https://www.youtube.com/watch?v=FEoMTMxzn3U&t=30s,"/m/07r04,/m/07yv9,/m/0btp2,/m/0gvgw0,/m/0k4j",audioset
Vehicle/Fo_FDiZhzDo,Fo_FDiZhzDo,Vehicle,30.0,40.0,https://www.youtube.com/watch?v=Fo_FDiZhzDo,https://www.youtube.com/watch?v=Fo_FDiZhzDo&t=30s,"/m/07rknqz,/m/07yv9,/m/0btp2,/m/0k4j",audioset
Vehicle/Fsu2SmNMX7c,Fsu2SmNMX7c,Vehicle,100.0,110.0,https://www.youtube.com/watch?v=Fsu2SmNMX7c,https://www.youtube.com/watch?v=Fsu2SmNMX7c&t=100s,"/m/019jd,/m/06q74",audioset
Vehicle/Ih0xy7tt2JY,Ih0xy7tt2JY,Vehicle,30.0,40.0,https://www.youtube.com/watch?v=Ih0xy7tt2JY,https://www.youtube.com/watch?v=Ih0xy7tt2JY&t=30s,"/m/07yv9,/m/09ct_",audioset
Vehicle/KWGON3DlOdw,KWGON3DlOdw,Vehicle,40.0,50.0,https://www.youtube.com/watch?v=KWGON3DlOdw,https://www.youtube.com/watch?v=KWGON3DlOdw&t=40s,"/m/0195fx,/m/01g50p,/m/06d_3,/m/07jdr,/t/dd00048",audioset
Vehicle/KqsNyXIEIwg,KqsNyXIEIwg,Vehicle,30.0,40.0,https://www.youtube.com/watch?v=KqsNyXIEIwg,https://www.youtube.com/watch?v=KqsNyXIEIwg&t=30s,"/m/019jd,/m/02rlv9",audioset
Vehicle/L8TboIEJyg8,L8TboIEJyg8,Vehicle,20.0,30.0,https://www.youtube.com/watch?v=L8TboIEJyg8,https://www.youtube.com/watch?v=L8TboIEJyg8&t=20s,"/m/02mk9,/m/04229,/m/07yv9,/m/0cmf2,/m/0k5j",audioset
Vehicle/MaPm9hh8xeI,MaPm9hh8xeI,Vehicle,50.0,60.0,https://www.youtube.com/watch?v=MaPm9hh8xeI,https://www.youtube.com/watch?v=MaPm9hh8xeI&t=50s,"/m/02l6bg,/m/07yv9,/m/0cmf2,/m/0k5j",audioset
Vehicle/MbNi-DQbgJQ,MbNi-DQbgJQ,Vehicle,70.0,80.0,https://www.youtube.com/watch?v=MbNi-DQbgJQ,https://www.youtube.com/watch?v=MbNi-DQbgJQ&t=70s,/m/02l6bg,audioset
Vehicle/NAiOfUtiXeM,NAiOfUtiXeM,Vehicle,30.0,40.0,https://www.youtube.com/watch?v=NAiOfUtiXeM,https://www.youtube.com/watch?v=NAiOfUtiXeM&t=30s,"/m/01g50p,/m/0284vy3,/m/06d_3,/m/07jdr",audioset
Vehicle/NKMN9rU1x-A,NKMN9rU1x-A,Vehicle,290.0,300.0,https://www.youtube.com/watch?v=NKMN9rU1x-A,https://www.youtube.com/watch?v=NKMN9rU1x-A&t=290s,"/m/014yck,/m/07yv9,/m/0cmf2,/m/0k5j",audioset
Vehicle/NpBQ1NpljTQ,NpBQ1NpljTQ,Vehicle,410.0,420.0,https://www.youtube.com/watch?v=NpBQ1NpljTQ,https://www.youtube.com/watch?v=NpBQ1NpljTQ&t=410s,"/m/0195fx,/m/01g50p,/m/06d_3,/m/07jdr",audioset
Vehicle/PA3y_gyX3m8,PA3y_gyX3m8,Vehicle,4.0,14.0,https://www.youtube.com/watch?v=PA3y_gyX3m8,https://www.youtube.com/watch?v=PA3y_gyX3m8&t=4s,"/m/019jd,/m/02rlv9",audioset
Vehicle/PQpX_4LEFKA,PQpX_4LEFKA,Vehicle,30.0,40.0,https://www.youtube.com/watch?v=PQpX_4LEFKA,https://www.youtube.com/watch?v=PQpX_4LEFKA&t=30s,"/m/04229,/m/0k5j",audioset
Vehicle/PSt0xAYgf4g,PSt0xAYgf4g,Vehicle,0.0,10.0,https://www.youtube.com/watch?v=PSt0xAYgf4g,https://www.youtube.com/watch?v=PSt0xAYgf4g&t=0s,"/m/02rhddq,/m/07r04,/m/07yv9",audioset
Vehicle/PX2xcfpGynA,PX2xcfpGynA,Vehicle,9.0,19.0,https://www.youtube.com/watch?v=PX2xcfpGynA,https://www.youtube.com/watch?v=PX2xcfpGynA&t=9s,"/m/0195fx,/m/01g50p,/m/06d_3,/m/07jdr",audioset
Vehicle/Pef6g19i5iI,Pef6g19i5iI,Vehicle,30.0,40.0,https://www.youtube.com/watch?v=Pef6g19i5iI,https://www.youtube.com/watch?v=Pef6g19i5iI&t=30s,"/m/07r04,/m/07yv9,/m/0gvgw0",audioset
Vehicle/Q1CMSV81_ws,Q1CMSV81_ws,Vehicle,30.0,40.0,https://www.youtube.com/watch?v=Q1CMSV81_ws,https://www.youtube.com/watch?v=Q1CMSV81_ws&t=30s,"/m/02rhddq,/m/07r04,/m/07yv9",audioset
Vehicle/Rk_PwHvmYTw,Rk_PwHvmYTw,Vehicle,270.0,280.0,https://www.youtube.com/watch?v=Rk_PwHvmYTw,https://www.youtube.com/watch?v=Rk_PwHvmYTw&t=270s,/m/02l6bg,audioset
Vehicle/RwBKGPEg6uA,RwBKGPEg6uA,Vehicle,440.0,450.0,https://www.youtube.com/watch?v=RwBKGPEg6uA,https://www.youtube.com/watch?v=RwBKGPEg6uA&t=440s,"/m/01g50p,/m/06d_3,/m/07jdr,/t/dd00048",audioset
Vehicle/SEtj8iHJLJU,SEtj8iHJLJU,Vehicle,20.0,30.0,https://www.youtube.com/watch?v=SEtj8iHJLJU,https://www.youtube.com/watch?v=SEtj8iHJLJU&t=20s,/m/0gvgw0,audioset
Vehicle/STdAr1JNXIU,STdAr1JNXIU,Vehicle,190.0,200.0,https://www.youtube.com/watch?v=STdAr1JNXIU,https://www.youtube.com/watch?v=STdAr1JNXIU&t=190s,"/m/07yv9,/m/09ct_,/m/0k5j",audioset
Vehicle/SUKCp4pK5LY,SUKCp4pK5LY,Vehicle,0.0,10.0,https://www.youtube.com/watch?v=SUKCp4pK5LY,https://www.youtube.com/watch?v=SUKCp4pK5LY&t=0s,"/m/02mk9,/m/04229,/m/0cmf2,/m/0k5j",audioset
Vehicle/Sgdq22nyfTM,Sgdq22nyfTM,Vehicle,240.0,250.0,https://www.youtube.com/watch?v=Sgdq22nyfTM,https://www.youtube.com/watch?v=Sgdq22nyfTM&t=240s,"/m/0195fx,/m/01g50p,/m/06d_3,/m/07jdr,/t/dd00048",audioset
Vehicle/Tdu27y8ryvk,Tdu27y8ryvk,Vehicle,430.0,440.0,https://www.youtube.com/watch?v=Tdu27y8ryvk,https://www.youtube.com/watch?v=Tdu27y8ryvk&t=430s,"/m/014yck,/m/04229,/m/07yv9,/m/0cmf2,/m/0k5j",audioset
Vehicle/UDlc1slA8PA,UDlc1slA8PA,Vehicle,590.0,600.0,https://www.youtube.com/watch?v=UDlc1slA8PA,https://www.youtube.com/watch?v=UDlc1slA8PA&t=590s,/m/09ct_,audioset
Vehicle/UTYx0JO_65M,UTYx0JO_65M,Vehicle,260.0,270.0,https://www.youtube.com/watch?v=UTYx0JO_65M,https://www.youtube.com/watch?v=UTYx0JO_65M&t=260s,"/m/0195fx,/m/01g50p,/m/06d_3,/m/07jdr",audioset
Vehicle/UULJiM0Wefo,UULJiM0Wefo,Vehicle,50.0,60.0,https://www.youtube.com/watch?v=UULJiM0Wefo,https://www.youtube.com/watch?v=UULJiM0Wefo&t=50s,/m/04229,audioset
Vehicle/UWOaC3qgE3A,UWOaC3qgE3A,Vehicle,27.0,37.0,https://www.youtube.com/watch?v=UWOaC3qgE3A,https://www.youtube.com/watch?v=UWOaC3qgE3A&t=27s,"/m/04229,/m/07yv9,/m/0cmf2,/m/0k5j",audioset
Vehicle/UsNUR6tsoTs,UsNUR6tsoTs,Vehicle,30.0,40.0,https://www.youtube.com/watch?v=UsNUR6tsoTs,https://www.youtube.com/watch?v=UsNUR6tsoTs&t=30s,"/m/019jd,/m/02rlv9",audioset
Vehicle/WBYa_u20cVo,WBYa_u20cVo,Vehicle,0.0,10.0,https://www.youtube.com/watch?v=WBYa_u20cVo,https://www.youtube.com/watch?v=WBYa_u20cVo&t=0s,"/m/012f08,/m/07rknqz,/m/07yv9,/m/0k4j",audioset
Vehicle/WF7ugi9ipYw,WF7ugi9ipYw,Vehicle,120.0,130.0,https://www.youtube.com/watch?v=WF7ugi9ipYw,https://www.youtube.com/watch?v=WF7ugi9ipYw&t=120s,"/m/0195fx,/m/01g50p,/m/06d_3,/m/07jdr,/t/dd00048",audioset
Vehicle/WatvT8A8iug,WatvT8A8iug,Vehicle,100.0,110.0,https://www.youtube.com/watch?v=WatvT8A8iug,https://www.youtube.com/watch?v=WatvT8A8iug&t=100s,/t/dd00134,audioset
Vehicle/Wmjm2mu_7fY,Wmjm2mu_7fY,Vehicle,240.0,250.0,https://www.youtube.com/watch?v=Wmjm2mu_7fY,https://www.youtube.com/watch?v=Wmjm2mu_7fY&t=240s,"/m/07yv9,/m/0h9mv,/m/0k4j",audioset
Vehicle/Wr44Q8MQHL0,Wr44Q8MQHL0,Vehicle,30.0,40.0,https://www.youtube.com/watch?v=Wr44Q8MQHL0,https://www.youtube.com/watch?v=Wr44Q8MQHL0&t=30s,"/m/07yv9,/m/09ct_",audioset
Vehicle/a9B_HA3y8WQ,a9B_HA3y8WQ,Vehicle,30.0,40.0,https://www.youtube.com/watch?v=a9B_HA3y8WQ,https://www.youtube.com/watch?v=a9B_HA3y8WQ&t=30s,/m/01bjv,audioset
Vehicle/cRlp5v9BHeE,cRlp5v9BHeE,Vehicle,11.0,21.0,https://www.youtube.com/watch?v=cRlp5v9BHeE,https://www.youtube.com/watch?v=cRlp5v9BHeE&t=11s,/t/dd00134,audioset
Vehicle/ciTlajq3JTU,ciTlajq3JTU,Vehicle,90.0,100.0,https://www.youtube.com/watch?v=ciTlajq3JTU,https://www.youtube.com/watch?v=ciTlajq3JTU&t=90s,"/m/01g50p,/m/0284vy3,/m/06d_3,/m/07jdr,/t/dd00048",audioset
Vehicle/d3gMwtMK6Gs,d3gMwtMK6Gs,Vehicle,30.0,40.0,https://www.youtube.com/watch?v=d3gMwtMK6Gs,https://www.youtube.com/watch?v=d3gMwtMK6Gs&t=30s,"/m/07rknqz,/m/07yv9,/m/0h9mv,/m/0k4j,/m/0ltv",audioset
Vehicle/dzIT-zvyVlY,dzIT-zvyVlY,Vehicle,590.0,600.0,https://www.youtube.com/watch?v=dzIT-zvyVlY,https://www.youtube.com/watch?v=dzIT-zvyVlY&t=590s,"/m/014yck,/m/07yv9,/m/0cmf2,/m/0k5j",audioset
Vehicle/eXH-AxP5edo,eXH-AxP5edo,Vehicle,10.0,20.0,https://www.youtube.com/watch?v=eXH-AxP5edo,https://www.youtube.com/watch?v=eXH-AxP5edo&t=10s,"/m/014yck,/m/07yv9,/m/0k5j",audioset
Vehicle/euWIV34kQ78,euWIV34kQ78,Vehicle,10.0,20.0,https://www.youtube.com/watch?v=euWIV34kQ78,https://www.youtube.com/watch?v=euWIV34kQ78&t=10s,"/m/01g50p,/m/0284vy3,/m/06d_3,/m/07jdr",audioset
Vehicle/fM62ac4UkMI,fM62ac4UkMI,Vehicle,260.0,270.0,https://www.youtube.com/watch?v=fM62ac4UkMI,https://www.youtube.com/watch?v=fM62ac4UkMI&t=260s,"/m/014yck,/m/07yv9,/m/0cmf2,/m/0k5j",audioset
Vehicle/gkH_Zxasn8o,gkH_Zxasn8o,Vehicle,40.0,50.0,https://www.youtube.com/watch?v=gkH_Zxasn8o,https://www.youtube.com/watch?v=gkH_Zxasn8o&t=40s,"/m/0195fx,/m/01g50p,/m/06d_3,/m/07jdr,/t/dd00048",audioset
Vehicle/gxVhAVNjSU0,gxVhAVNjSU0,Vehicle,30.0,40.0,https://www.youtube.com/watch?v=gxVhAVNjSU0,https://www.youtube.com/watch?v=gxVhAVNjSU0&t=30s,"/m/012f08,/m/01bjv,/m/07r04,/m/07yv9",audioset
Vehicle/gxbYoNcsXJA,gxbYoNcsXJA,Vehicle,30.0,40.0,https://www.youtube.com/watch?v=gxbYoNcsXJA,https://www.youtube.com/watch?v=gxbYoNcsXJA&t=30s,/m/0btp2,audioset
Vehicle/j9Z63H5hvrQ,j9Z63H5hvrQ,Vehicle,10.0,20.0,https://www.youtube.com/watch?v=j9Z63H5hvrQ,https://www.youtube.com/watch?v=j9Z63H5hvrQ&t=10s,"/m/0195fx,/m/01g50p,/m/06d_3,/m/07jdr,/t/dd00048",audioset
Vehicle/jJ_RSCw8v7U,jJ_RSCw8v7U,Vehicle,130.0,140.0,https://www.youtube.com/watch?v=jJ_RSCw8v7U,https://www.youtube.com/watch?v=jJ_RSCw8v7U&t=130s,"/m/02l6bg,/m/07yv9",audioset
Vehicle/jlz7r-NSUuA,jlz7r-NSUuA,Vehicle,60.0,70.0,https://www.youtube.com/watch?v=jlz7r-NSUuA,https://www.youtube.com/watch?v=jlz7r-NSUuA&t=60s,"/m/01g50p,/m/06d_3,/m/07jdr,/t/dd00048",audioset
Vehicle/kLNtUnSm7lc,kLNtUnSm7lc,Vehicle,60.0,70.0,https://www.youtube.com/watch?v=kLNtUnSm7lc,https://www.youtube.com/watch?v=kLNtUnSm7lc&t=60s,"/m/0195fx,/m/01g50p,/m/06d_3,/m/07jdr,/t/dd00048",audioset
Vehicle/lb1awXgoyQE,lb1awXgoyQE,Vehicle,0.0,10.0,https://www.youtube.com/watch?v=lb1awXgoyQE,https://www.youtube.com/watch?v=lb1awXgoyQE&t=0s,"/m/07rknqz,/m/07yv9,/m/0h9mv,/m/0k4j",audioset
Vehicle/llgww7ChlJI,llgww7ChlJI,Vehicle,30.0,40.0,https://www.youtube.com/watch?v=llgww7ChlJI,https://www.youtube.com/watch?v=llgww7ChlJI&t=30s,"/m/0195fx,/m/01g50p,/m/06d_3,/m/07jdr,/t/dd00048",audioset
Vehicle/lmaIgor5XTg,lmaIgor5XTg,Vehicle,30.0,40.0,https://www.youtube.com/watch?v=lmaIgor5XTg,https://www.youtube.com/watch?v=lmaIgor5XTg&t=30s,/t/dd00134,audioset
Vehicle/m5HeCy87QYY,m5HeCy87QYY,Vehicle,270.0,280.0,https://www.youtube.com/watch?v=m5HeCy87QYY,https://www.youtube.com/watch?v=m5HeCy87QYY&t=270s,"/m/01g50p,/m/04zmvq,/m/06d_3,/m/07jdr",audioset
Vehicle/nMaSkwx6cHE,nMaSkwx6cHE,Vehicle,30.0,40.0,https://www.youtube.com/watch?v=nMaSkwx6cHE,https://www.youtube.com/watch?v=nMaSkwx6cHE&t=30s,"/m/02rhddq,/m/07r04,/m/07yv9",audioset
Vehicle/nYD4mDR238g,nYD4mDR238g,Vehicle,30.0,40.0,https://www.youtube.com/watch?v=nYD4mDR238g,https://www.youtube.com/watch?v=nYD4mDR238g&t=30s,"/m/04229,/m/0k5j",audioset
Vehicle/nfbmCZ3CEzI,nfbmCZ3CEzI,Vehicle,450.0,460.0,https://www.youtube.com/watch?v=nfbmCZ3CEzI,https://www.youtube.com/watch?v=nfbmCZ3CEzI&t=450s,"/m/01g50p,/m/04zmvq,/m/06d_3,/m/07jdr",audioset
Vehicle/oHKTmTLEy68,oHKTmTLEy68,Vehicle,11.0,21.0,https://www.youtube.com/watch?v=oHKTmTLEy68,https://www.youtube.com/watch?v=oHKTmTLEy68&t=11s,"/m/01bjv,/m/02rhddq,/m/07yv9",audioset
Vehicle/pKG3RMK__dc,pKG3RMK__dc,Vehicle,110.0,120.0,https://www.youtube.com/watch?v=pKG3RMK__dc,https://www.youtube.com/watch?v=pKG3RMK__dc&t=110s,/t/dd00134,audioset
Vehicle/pV6vIoBQT7g,pV6vIoBQT7g,Vehicle,120.0,130.0,https://www.youtube.com/watch?v=pV6vIoBQT7g,https://www.youtube.com/watch?v=pV6vIoBQT7g&t=120s,"/m/01g50p,/m/04zmvq,/m/06d_3,/m/07jdr",audioset
Vehicle/pVcuntWruuY,pVcuntWruuY,Vehicle,0.0,10.0,https://www.youtube.com/watch?v=pVcuntWruuY,https://www.youtube.com/watch?v=pVcuntWruuY&t=0s,/m/02l6bg,audioset
Vehicle/q1gQRZ3Hi1I,q1gQRZ3Hi1I,Vehicle,30.0,40.0,https://www.youtube.com/watch?v=q1gQRZ3Hi1I,https://www.youtube.com/watch?v=q1gQRZ3Hi1I&t=30s,/t/dd00134,audioset
Vehicle/qLVjaU5V9f0,qLVjaU5V9f0,Vehicle,150.0,160.0,https://www.youtube.com/watch?v=qLVjaU5V9f0,https://www.youtube.com/watch?v=qLVjaU5V9f0&t=150s,/t/dd00134,audioset
Vehicle/qkzk_Pl4gKY,qkzk_Pl4gKY,Vehicle,40.0,50.0,https://www.youtube.com/watch?v=qkzk_Pl4gKY,https://www.youtube.com/watch?v=qkzk_Pl4gKY&t=40s,/m/014yck,audioset
Vehicle/r6av66aRAJg,r6av66aRAJg,Vehicle,30.0,40.0,https://www.youtube.com/watch?v=r6av66aRAJg,https://www.youtube.com/watch?v=r6av66aRAJg&t=30s,/t/dd00134,audioset
Vehicle/rAAX-hjo-mU,rAAX-hjo-mU,Vehicle,30.0,40.0,https://www.youtube.com/watch?v=rAAX-hjo-mU,https://www.youtube.com/watch?v=rAAX-hjo-mU&t=30s,"/m/019jd,/m/02rlv9",audioset
Vehicle/rSrBDAgLUoI,rSrBDAgLUoI,Vehicle,490.0,500.0,https://www.youtube.com/watch?v=rSrBDAgLUoI,https://www.youtube.com/watch?v=rSrBDAgLUoI&t=490s,"/m/0195fx,/m/01g50p,/m/06d_3,/m/07jdr",audioset
Vehicle/u5CPx-em82o,u5CPx-em82o,Vehicle,110.0,120.0,https://www.youtube.com/watch?v=u5CPx-em82o,https://www.youtube.com/watch?v=u5CPx-em82o&t=110s,"/m/014yck,/m/0k5j",audioset
Vehicle/v9A68q_iQqo,v9A68q_iQqo,Vehicle,20.0,30.0,https://www.youtube.com/watch?v=v9A68q_iQqo,https://www.youtube.com/watch?v=v9A68q_iQqo&t=20s,"/m/07rknqz,/m/07yv9",audioset
Vehicle/w2zE86YAGf8,w2zE86YAGf8,Vehicle,30.0,40.0,https://www.youtube.com/watch?v=w2zE86YAGf8,https://www.youtube.com/watch?v=w2zE86YAGf8&t=30s,"/m/04229,/m/0cmf2,/m/0k5j",audioset
Vehicle/weOGbJoygMI,weOGbJoygMI,Vehicle,17.0,27.0,https://www.youtube.com/watch?v=weOGbJoygMI,https://www.youtube.com/watch?v=weOGbJoygMI&t=17s,"/m/07yv9,/m/0gvgw0",audioset
Vehicle/wj9PNNChVm4,wj9PNNChVm4,Vehicle,2.0,12.0,https://www.youtube.com/watch?v=wj9PNNChVm4,https://www.youtube.com/watch?v=wj9PNNChVm4&t=2s,/t/dd00134,audioset
Vehicle/wjfMWiYLDWA,wjfMWiYLDWA,Vehicle,30.0,40.0,https://www.youtube.com/watch?v=wjfMWiYLDWA,https://www.youtube.com/watch?v=wjfMWiYLDWA&t=30s,"/m/012f08,/m/07yv9,/m/0gvgw0,/m/0k4j",audioset
Vehicle/wlCx3oOCxAk,wlCx3oOCxAk,Vehicle,16.0,26.0,https://www.youtube.com/watch?v=wlCx3oOCxAk,https://www.youtube.com/watch?v=wlCx3oOCxAk&t=16s,/t/dd00134,audioset
Vehicle/wohHXk1uz3M,wohHXk1uz3M,Vehicle,0.0,10.0,https://www.youtube.com/watch?v=wohHXk1uz3M,https://www.youtube.com/watch?v=wohHXk1uz3M&t=0s,"/m/0195fx,/m/01g50p,/m/06d_3,/m/07jdr",audioset
Vehicle/xzUXvNaki90,xzUXvNaki90,Vehicle,80.0,90.0,https://www.youtube.com/watch?v=xzUXvNaki90,https://www.youtube.com/watch?v=xzUXvNaki90&t=80s,/t/dd00134,audioset
Vehicle/yH_cxlZwDv4,yH_cxlZwDv4,Vehicle,70.0,80.0,https://www.youtube.com/watch?v=yH_cxlZwDv4,https://www.youtube.com/watch?v=yH_cxlZwDv4&t=70s,"/m/04229,/m/07yv9",audioset
Vehicle/zM3chsL-B7U,zM3chsL-B7U,Vehicle,30.0,40.0,https://www.youtube.com/watch?v=zM3chsL-B7U,https://www.youtube.com/watch?v=zM3chsL-B7U&t=30s,"/m/07r04,/m/07yv9,/m/0gvgw0",audioset
Vehicle/znNlcy8E8rU,znNlcy8E8rU,Vehicle,220.0,230.0,https://www.youtube.com/watch?v=znNlcy8E8rU,https://www.youtube.com/watch?v=znNlcy8E8rU&t=220s,"/m/01g50p,/m/06d_3,/m/07jdr,/t/dd00048",audioset
Vehicle/zp2Gt1zb5hE,zp2Gt1zb5hE,Vehicle,60.0,70.0,https://www.youtube.com/watch?v=zp2Gt1zb5hE,https://www.youtube.com/watch?v=zp2Gt1zb5hE&t=60s,"/m/014yck,/m/07yv9,/m/0cmf2,/m/0k5j",audioset
Waterfall/7fRaV39Y-2o,7fRaV39Y-2o,Waterfall,50.0,60.0,https://www.youtube.com/watch?v=7fRaV39Y-2o,https://www.youtube.com/watch?v=7fRaV39Y-2o&t=50s,/m/0j2kx,audioset
Waterfall/9YSvwsbk9Dw,9YSvwsbk9Dw,Waterfall,40.0,50.0,https://www.youtube.com/watch?v=9YSvwsbk9Dw,https://www.youtube.com/watch?v=9YSvwsbk9Dw&t=40s,/m/0j2kx,audioset
Waterfall/BbNHWQrTu2o,BbNHWQrTu2o,Waterfall,30.0,40.0,https://www.youtube.com/watch?v=BbNHWQrTu2o,https://www.youtube.com/watch?v=BbNHWQrTu2o&t=30s,/m/0j2kx,audioset
Waterfall/DqQT03hOLA4,DqQT03hOLA4,Waterfall,240.0,250.0,https://www.youtube.com/watch?v=DqQT03hOLA4,https://www.youtube.com/watch?v=DqQT03hOLA4&t=240s,/m/0j2kx,audioset
Waterfall/FF2bhR7s3VY,FF2bhR7s3VY,Waterfall,30.0,40.0,https://www.youtube.com/watch?v=FF2bhR7s3VY,https://www.youtube.com/watch?v=FF2bhR7s3VY&t=30s,/m/0j2kx,audioset
Waterfall/FrHCQ5x2pNQ,FrHCQ5x2pNQ,Waterfall,20.0,30.0,https://www.youtube.com/watch?v=FrHCQ5x2pNQ,https://www.youtube.com/watch?v=FrHCQ5x2pNQ&t=20s,/m/0j2kx,audioset
Waterfall/S6-B6QfvS-I,S6-B6QfvS-I,Waterfall,200.0,210.0,https://www.youtube.com/watch?v=S6-B6QfvS-I,https://www.youtube.com/watch?v=S6-B6QfvS-I&t=200s,/m/0j2kx,audioset
Waterfall/VMbJTgzMhKE,VMbJTgzMhKE,Waterfall,30.0,40.0,https://www.youtube.com/watch?v=VMbJTgzMhKE,https://www.youtube.com/watch?v=VMbJTgzMhKE&t=30s,/m/0j2kx,audioset
Waterfall/VrwW35FmP0w,VrwW35FmP0w,Waterfall,25.0,35.0,https://www.youtube.com/watch?v=VrwW35FmP0w,https://www.youtube.com/watch?v=VrwW35FmP0w&t=25s,/m/0j2kx,audioset
Waterfall/kLtAyepYMZ4,kLtAyepYMZ4,Waterfall,10.0,20.0,https://www.youtube.com/watch?v=kLtAyepYMZ4,https://www.youtube.com/watch?v=kLtAyepYMZ4&t=10s,/m/0j2kx,audioset
Waterfall/kwsgIBkX-3k,kwsgIBkX-3k,Waterfall,300.0,310.0,https://www.youtube.com/watch?v=kwsgIBkX-3k,https://www.youtube.com/watch?v=kwsgIBkX-3k&t=300s,/m/0j2kx,audioset
Whip/NQChT7upxKU,NQChT7upxKU,Whip,80.0,90.0,https://www.youtube.com/watch?v=NQChT7upxKU,https://www.youtube.com/watch?v=NQChT7upxKU&t=80s,/m/07rbp7_,audioset
Whip/Q2vXpBL_wpY,Q2vXpBL_wpY,Whip,30.0,40.0,https://www.youtube.com/watch?v=Q2vXpBL_wpY,https://www.youtube.com/watch?v=Q2vXpBL_wpY&t=30s,/m/07rbp7_,audioset
Whip/oL4uKRJUDeg,oL4uKRJUDeg,Whip,30.0,40.0,https://www.youtube.com/watch?v=oL4uKRJUDeg,https://www.youtube.com/watch?v=oL4uKRJUDeg&t=30s,/m/07rbp7_,audioset
Whip/sVmsNDfZeKg,sVmsNDfZeKg,Whip,30.0,40.0,https://www.youtube.com/watch?v=sVmsNDfZeKg,https://www.youtube.com/watch?v=sVmsNDfZeKg&t=30s,/m/07rbp7_,audioset
Whip/tBx6-W595ok,tBx6-W595ok,Whip,30.0,40.0,https://www.youtube.com/watch?v=tBx6-W595ok,https://www.youtube.com/watch?v=tBx6-W595ok&t=30s,/m/07rbp7_,audioset
Whip/xUVTvmwFBZk,xUVTvmwFBZk,Whip,30.0,40.0,https://www.youtube.com/watch?v=xUVTvmwFBZk,https://www.youtube.com/watch?v=xUVTvmwFBZk&t=30s,/m/07rbp7_,audioset
Writing/OAyj-2zSTuU,OAyj-2zSTuU,Writing,30.0,40.0,https://www.youtube.com/watch?v=OAyj-2zSTuU,https://www.youtube.com/watch?v=OAyj-2zSTuU&t=30s,/m/081rb,audioset
Writing/lV_8gG3WhKc,lV_8gG3WhKc,Writing,150.0,160.0,https://www.youtube.com/watch?v=lV_8gG3WhKc,https://www.youtube.com/watch?v=lV_8gG3WhKc&t=150s,/m/081rb,audioset
Writing/rr3NjY6ONYc,rr3NjY6ONYc,Writing,30.0,40.0,https://www.youtube.com/watch?v=rr3NjY6ONYc,https://www.youtube.com/watch?v=rr3NjY6ONYc&t=30s,/m/081rb,audioset
Writing/xN8naCb_nyw,xN8naCb_nyw,Writing,160.0,170.0,https://www.youtube.com/watch?v=xN8naCb_nyw,https://www.youtube.com/watch?v=xN8naCb_nyw&t=160s,/m/081rb,audioset
